employee_id,age,department,job_role,overtime,years_at_company,monthly_income,marital_status,attrition
EMP-0001,45,Research & Development,Laboratory Technician,No,24,10722.51,Single,No
EMP-0002,31,Sales,Sales Representative,No,0,4832.93,Divorced,No
EMP-0003,29,Research & Development,Research Scientist,Yes,9,4804.82,Divorced,No
EMP-0004,21,Human Resources,Human Resources,Yes,3,4650.74,Married,Yes
EMP-0005,42,Sales,Sales Representative,No,18,7551.27,Divorced,No
EMP-0006,44,Sales,Sales Executive,No,8,5414.36,Divorced,No
EMP-0007,35,Research & Development,Laboratory Technician,No,10,7727.16,Married,No
EMP-0008,45,Research & Development,Research Scientist,Yes,3,3533.19,Divorced,No
EMP-0009,39,Research & Development,Laboratory Technician,No,4,6656.67,Divorced,No
EMP-0010,40,Sales,Sales Executive,No,5,3853.81,Married,No
EMP-0011,57,Sales,Sales Executive,Yes,4,3123.62,Single,No
EMP-0012,28,Research & Development,Research Scientist,Yes,10,9131.75,Single,No
EMP-0013,22,Research & Development,Laboratory Technician,No,4,4397.55,Married,Yes
EMP-0014,28,Research & Development,Laboratory Technician,No,10,9542.77,Divorced,No
EMP-0015,31,Sales,Sales Executive,No,13,7990.25,Single,No
EMP-0016,36,Sales,Sales Executive,No,16,7302.16,Divorced,No
EMP-0017,34,Research & Development,Research Scientist,No,8,5342.43,Single,No
EMP-0018,30,Human Resources,Manager,No,11,5316.14,Single,Yes
EMP-0019,42,Sales,Sales Representative,No,21,11163.85,Divorced,No
EMP-0020,30,Research & Development,Research Scientist,No,12,9852.45,Single,No
EMP-0021,26,Sales,Sales Representative,No,8,9192.64,Divorced,No
EMP-0022,43,Sales,Sales Representative,No,17,8971.41,Married,No
EMP-0023,45,Research & Development,Research Scientist,No,26,12180.51,Married,No
EMP-0024,42,Sales,Sales Executive,No,8,8310.33,Divorced,No
EMP-0025,50,Sales,Sales Executive,No,24,11557.94,Married,No
EMP-0026,29,Sales,Sales Representative,No,5,6278.27,Divorced,No
EMP-0027,18,Human Resources,Manager,Yes,0,6376.07,Single,No
EMP-0028,50,Sales,Sales Executive,No,9,8898.14,Married,No
EMP-0029,24,Research & Development,Research Scientist,No,6,4574.39,Divorced,No
EMP-0030,38,Research & Development,Laboratory Technician,No,10,7542.72,Divorced,No
EMP-0031,38,Research & Development,Research Director,No,11,7597.52,Married,No
EMP-0032,37,Research & Development,Research Scientist,No,13,8471.68,Married,No
EMP-0033,44,Research & Development,Laboratory Technician,Yes,9,4427.54,Divorced,Yes
EMP-0034,42,Research & Development,Laboratory Technician,No,21,10536.36,Married,No
EMP-0035,50,Research & Development,Laboratory Technician,No,5,8232.88,Single,No
EMP-0036,36,Research & Development,Laboratory Technician,No,4,6257.86,Married,No
EMP-0037,32,Sales,Sales Executive,Yes,11,8851.86,Married,No
EMP-0038,38,Sales,Sales Representative,No,14,7516.4,Married,No
EMP-0039,48,Sales,Sales Executive,No,16,10625.69,Single,No
EMP-0040,45,Research & Development,Research Director,Yes,21,12281.91,Married,No
EMP-0041,23,Sales,Sales Executive,No,5,6912.42,Single,No
EMP-0042,37,Research & Development,Research Scientist,Yes,6,3731.59,Married,Yes
EMP-0043,36,Research & Development,Laboratory Technician,No,14,9542.58,Married,No
EMP-0044,46,Research & Development,Research Director,No,23,10690.11,Married,No
EMP-0045,33,Research & Development,Research Director,No,14,7825.04,Single,No
EMP-0046,28,Research & Development,Research Director,No,10,8908.81,Single,Yes
EMP-0047,41,Research & Development,Research Scientist,No,1,4571.75,Single,No
EMP-0048,36,Sales,Sales Executive,No,7,3606.11,Single,No
EMP-0049,48,Research & Development,Research Director,No,24,12885.53,Married,No
EMP-0050,35,Research & Development,Research Director,No,7,8540.89,Married,Yes
EMP-0051,37,Research & Development,Research Scientist,No,2,7338.79,Married,No
EMP-0052,39,Sales,Sales Executive,No,15,8671.83,Single,No
EMP-0053,33,Sales,Sales Representative,No,15,10896.36,Single,No
EMP-0054,30,Research & Development,Laboratory Technician,Yes,8,5700.57,Single,No
EMP-0055,31,Sales,Sales Representative,No,9,5387.41,Single,Yes
EMP-0056,29,Research & Development,Laboratory Technician,No,5,3359.87,Single,Yes
EMP-0057,37,Research & Development,Research Scientist,No,6,7840.64,Married,No
EMP-0058,27,Sales,Sales Representative,Yes,3,2615.91,Single,Yes
EMP-0059,43,Research & Development,Laboratory Technician,No,8,5793.34,Single,No
EMP-0060,32,Research & Development,Laboratory Technician,No,9,5866.1,Married,No
EMP-0061,21,Research & Development,Laboratory Technician,No,3,5328.67,Married,No
EMP-0062,27,Sales,Sales Executive,Yes,2,6373.59,Divorced,No
EMP-0063,52,Research & Development,Research Director,No,15,9445.87,Married,No
EMP-0064,45,Research & Development,Laboratory Technician,No,3,7685.98,Married,No
EMP-0065,26,Sales,Sales Representative,Yes,5,4089.33,Married,No
EMP-0066,38,Research & Development,Laboratory Technician,No,7,8831.74,Single,No
EMP-0067,18,Sales,Sales Representative,Yes,0,5683.06,Married,Yes
EMP-0068,20,Sales,Sales Representative,Yes,2,3454.52,Single,Yes
EMP-0069,39,Research & Development,Laboratory Technician,Yes,5,8296.22,Married,Yes
EMP-0070,45,Sales,Sales Executive,No,11,9656.54,Single,No
EMP-0071,27,Research & Development,Research Director,No,7,5400.34,Married,No
EMP-0072,33,Research & Development,Laboratory Technician,Yes,10,4816.79,Married,No
EMP-0073,42,Research & Development,Research Director,Yes,5,5472.11,Married,No
EMP-0074,42,Research & Development,Laboratory Technician,Yes,5,7917.33,Married,No
EMP-0075,39,Sales,Sales Executive,Yes,14,8987.33,Single,Yes
EMP-0076,32,Research & Development,Laboratory Technician,Yes,14,6022.52,Married,No
EMP-0077,47,Research & Development,Research Director,Yes,8,9321.27,Divorced,Yes
EMP-0078,33,Sales,Sales Representative,Yes,8,5586.7,Single,Yes
EMP-0079,45,Sales,Sales Representative,No,21,9754.79,Single,No
EMP-0080,39,Research & Development,Research Director,Yes,18,9697.54,Married,No
EMP-0081,41,Sales,Sales Representative,No,9,5639.24,Married,No
EMP-0082,39,Research & Development,Laboratory Technician,No,21,10227.8,Single,Yes
EMP-0083,47,Research & Development,Research Scientist,No,19,12325.5,Single,No
EMP-0084,34,Sales,Sales Executive,No,15,6739.46,Single,Yes
EMP-0085,38,Research & Development,Research Scientist,Yes,6,7184.3,Married,Yes
EMP-0086,43,Sales,Sales Executive,No,10,8653.65,Married,No
EMP-0087,45,Sales,Sales Executive,No,14,7166.0,Single,No
EMP-0088,34,Sales,Sales Representative,Yes,3,7215.38,Single,No
EMP-0089,24,Research & Development,Research Scientist,No,2,5791.4,Single,No
EMP-0090,38,Sales,Sales Executive,Yes,4,4613.89,Divorced,No
EMP-0091,31,Research & Development,Laboratory Technician,No,7,4900.91,Married,No
EMP-0092,35,Research & Development,Laboratory Technician,No,4,4135.64,Divorced,No
EMP-0093,28,Research & Development,Laboratory Technician,No,5,7161.99,Married,No
EMP-0094,42,Sales,Sales Executive,No,12,9167.42,Single,No
EMP-0095,46,Research & Development,Research Director,No,22,8385.29,Married,No
EMP-0096,41,Research & Development,Laboratory Technician,No,8,8561.41,Single,No
EMP-0097,34,Sales,Sales Executive,Yes,4,5062.76,Married,No
EMP-0098,26,Research & Development,Laboratory Technician,No,4,5476.19,Married,No
EMP-0099,37,Research & Development,Laboratory Technician,Yes,6,5505.86,Married,No
EMP-0100,55,Human Resources,Manager,No,18,12040.31,Divorced,No
EMP-0101,37,Research & Development,Research Scientist,Yes,19,8251.84,Single,Yes
EMP-0102,35,Research & Development,Research Scientist,No,6,3642.88,Married,No
EMP-0103,39,Sales,Sales Representative,No,21,8891.49,Married,No
EMP-0104,43,Research & Development,Laboratory Technician,No,10,5283.07,Married,No
EMP-0105,19,Research & Development,Research Director,Yes,1,4354.49,Single,No
EMP-0106,30,Research & Development,Laboratory Technician,No,11,8956.24,Single,Yes
EMP-0107,46,Sales,Sales Representative,No,7,5188.91,Single,No
EMP-0108,32,Research & Development,Research Director,No,7,8398.25,Single,No
EMP-0109,33,Sales,Sales Representative,No,6,5412.88,Divorced,No
EMP-0110,38,Research & Development,Research Director,No,8,7929.26,Married,No
EMP-0111,43,Research & Development,Research Scientist,No,13,5692.33,Divorced,No
EMP-0112,30,Sales,Sales Executive,Yes,5,4626.54,Divorced,No
EMP-0113,31,Research & Development,Research Director,No,13,9420.21,Single,No
EMP-0114,44,Sales,Sales Representative,No,21,9200.99,Divorced,No
EMP-0115,41,Sales,Sales Executive,No,8,5203.68,Divorced,No
EMP-0116,43,Sales,Sales Representative,No,5,6655.42,Married,Yes
EMP-0117,44,Research & Development,Research Scientist,No,5,6689.67,Married,No
EMP-0118,35,Human Resources,Human Resources,No,14,10090.91,Married,No
EMP-0119,29,Research & Development,Laboratory Technician,No,11,8922.89,Married,Yes
EMP-0120,22,Sales,Sales Executive,No,4,6226.73,Married,No
EMP-0121,31,Human Resources,Human Resources,Yes,13,8854.74,Divorced,No
EMP-0122,34,Research & Development,Research Director,No,16,9064.11,Divorced,No
EMP-0123,36,Research & Development,Research Scientist,No,13,5513.59,Single,No
EMP-0124,43,Research & Development,Research Director,No,10,7305.34,Divorced,No
EMP-0125,30,Sales,Sales Executive,No,8,8372.23,Married,No
EMP-0126,40,Sales,Sales Representative,Yes,22,13392.7,Single,No
EMP-0127,48,Sales,Sales Representative,Yes,12,7591.1,Married,Yes
EMP-0128,40,Human Resources,Manager,Yes,9,5608.05,Divorced,No
EMP-0129,38,Sales,Sales Representative,Yes,12,7064.27,Married,No
EMP-0130,41,Sales,Sales Executive,No,18,10997.19,Divorced,No
EMP-0131,28,Human Resources,Manager,Yes,6,8537.85,Single,Yes
EMP-0132,32,Research & Development,Research Director,No,14,8267.64,Married,No
EMP-0133,31,Research & Development,Research Director,No,13,6216.48,Married,No
EMP-0134,42,Research & Development,Research Director,Yes,14,10988.5,Married,No
EMP-0135,38,Sales,Sales Executive,Yes,3,7355.37,Married,No
EMP-0136,37,Sales,Sales Executive,No,12,7032.97,Married,No
EMP-0137,40,Research & Development,Laboratory Technician,Yes,3,4381.52,Married,No
EMP-0138,33,Research & Development,Research Scientist,Yes,15,11501.38,Single,No
EMP-0139,37,Sales,Sales Executive,Yes,15,7364.96,Divorced,No
EMP-0140,44,Research & Development,Research Scientist,No,6,5826.22,Single,No
EMP-0141,30,Sales,Sales Representative,Yes,12,8394.67,Single,No
EMP-0142,28,Research & Development,Research Scientist,Yes,10,4835.55,Married,No
EMP-0143,46,Research & Development,Laboratory Technician,No,27,12809.81,Married,No
EMP-0144,39,Sales,Sales Executive,No,4,7146.12,Divorced,No
EMP-0145,33,Research & Development,Research Scientist,No,6,6918.15,Single,No
EMP-0146,46,Research & Development,Research Director,Yes,8,7077.44,Married,No
EMP-0147,36,Research & Development,Research Director,No,12,7230.97,Single,No
EMP-0148,47,Sales,Sales Executive,No,8,6589.38,Single,No
EMP-0149,21,Research & Development,Research Scientist,Yes,3,3135.09,Married,No
EMP-0150,43,Sales,Sales Executive,No,22,11908.92,Single,No
EMP-0151,33,Sales,Sales Representative,No,15,10208.61,Married,No
EMP-0152,29,Research & Development,Research Scientist,No,2,3590.36,Married,No
EMP-0153,39,Research & Development,Research Scientist,No,16,9889.61,Married,No
EMP-0154,26,Research & Development,Research Director,No,8,8073.32,Married,No
EMP-0155,37,Research & Development,Research Director,No,9,5063.56,Single,Yes
EMP-0156,40,Sales,Sales Executive,No,10,8628.41,Married,No
EMP-0157,33,Sales,Sales Executive,No,15,10293.1,Married,No
EMP-0158,27,Research & Development,Research Scientist,No,9,9331.51,Single,No
EMP-0159,31,Research & Development,Research Director,Yes,7,4747.37,Divorced,No
EMP-0160,38,Sales,Sales Representative,Yes,20,8014.0,Divorced,No
EMP-0161,33,Human Resources,Manager,No,8,8009.15,Divorced,No
EMP-0162,43,Research & Development,Research Scientist,No,9,8183.6,Married,No
EMP-0163,39,Human Resources,Human Resources,No,10,8555.43,Married,No
EMP-0164,41,Research & Development,Research Scientist,No,6,5952.58,Divorced,Yes
EMP-0165,44,Research & Development,Laboratory Technician,No,19,11588.28,Married,No
EMP-0166,48,Research & Development,Research Scientist,No,9,8523.49,Married,No
EMP-0167,34,Sales,Sales Representative,Yes,2,2613.98,Married,No
EMP-0168,44,Research & Development,Research Scientist,No,16,10204.63,Single,Yes
EMP-0169,30,Sales,Sales Representative,No,12,5132.91,Divorced,No
EMP-0170,40,Research & Development,Laboratory Technician,No,17,11787.77,Single,No
EMP-0171,34,Sales,Sales Executive,Yes,4,2731.89,Married,No
EMP-0172,55,Sales,Sales Executive,No,19,8281.03,Married,No
EMP-0173,31,Sales,Sales Executive,No,13,10489.35,Single,No
EMP-0174,29,Sales,Sales Executive,Yes,6,7592.64,Married,No
EMP-0175,32,Research & Development,Research Director,No,14,7116.13,Divorced,No
EMP-0176,30,Sales,Sales Representative,No,5,4304.82,Divorced,No
EMP-0177,32,Research & Development,Research Director,Yes,10,7054.15,Married,No
EMP-0178,35,Research & Development,Research Scientist,No,3,2517.65,Single,No
EMP-0179,32,Research & Development,Research Scientist,No,6,6822.02,Single,No
EMP-0180,41,Research & Development,Research Director,No,18,10255.7,Divorced,No
EMP-0181,35,Research & Development,Research Scientist,No,5,6109.22,Single,No
EMP-0182,41,Research & Development,Research Director,No,6,6819.59,Single,No
EMP-0183,26,Research & Development,Research Director,No,8,4380.69,Single,No
EMP-0184,34,Sales,Sales Representative,No,4,4199.02,Married,No
EMP-0185,25,Research & Development,Laboratory Technician,No,7,4880.21,Divorced,No
EMP-0186,33,Research & Development,Research Scientist,No,15,9972.21,Married,No
EMP-0187,29,Research & Development,Research Scientist,No,11,6886.77,Single,No
EMP-0188,53,Sales,Sales Representative,Yes,10,7263.25,Divorced,No
EMP-0189,31,Research & Development,Laboratory Technician,No,13,7763.78,Married,No
EMP-0190,45,Research & Development,Research Scientist,No,6,3557.36,Married,No
EMP-0191,30,Research & Development,Research Director,Yes,8,5437.19,Single,No
EMP-0192,30,Research & Development,Laboratory Technician,No,12,6462.18,Married,Yes
EMP-0193,39,Research & Development,Research Scientist,No,10,5093.55,Married,No
EMP-0194,45,Research & Development,Laboratory Technician,No,18,11117.07,Married,No
EMP-0195,40,Research & Development,Laboratory Technician,No,7,6002.92,Married,No
EMP-0196,49,Research & Development,Research Scientist,Yes,13,5798.95,Divorced,No
EMP-0197,43,Research & Development,Laboratory Technician,No,6,5789.61,Divorced,No
EMP-0198,31,Sales,Sales Executive,No,13,8065.02,Married,No
EMP-0199,47,Sales,Sales Executive,No,21,8711.24,Married,No
EMP-0200,28,Research & Development,Research Director,Yes,10,5066.94,Single,No
EMP-0201,44,Sales,Sales Executive,Yes,11,9358.87,Married,No
EMP-0202,25,Sales,Sales Representative,No,7,3577.48,Single,Yes
EMP-0203,41,Research & Development,Research Scientist,Yes,13,9985.51,Married,No
EMP-0204,35,Research & Development,Research Director,No,7,8991.41,Single,No
EMP-0205,42,Sales,Sales Representative,No,1,1889.98,Divorced,No
EMP-0206,45,Human Resources,Manager,No,5,7690.62,Single,No
EMP-0207,41,Research & Development,Laboratory Technician,No,18,10498.66,Married,No
EMP-0208,40,Research & Development,Research Scientist,No,15,8330.98,Married,No
EMP-0209,38,Research & Development,Research Scientist,Yes,13,5950.2,Married,No
EMP-0210,46,Research & Development,Research Scientist,No,6,8429.3,Married,No
EMP-0211,25,Sales,Sales Representative,Yes,7,4521.38,Married,Yes
EMP-0212,28,Sales,Sales Executive,No,8,9141.65,Divorced,No
EMP-0213,42,Research & Development,Research Director,No,10,5326.27,Married,No
EMP-0214,34,Research & Development,Research Director,No,10,5229.18,Divorced,No
EMP-0215,32,Sales,Sales Executive,Yes,7,6341.33,Divorced,No
EMP-0216,39,Sales,Sales Executive,No,5,6130.89,Single,No
EMP-0217,32,Sales,Sales Representative,No,14,8813.71,Divorced,No
EMP-0218,24,Research & Development,Research Scientist,No,6,6205.79,Married,No
EMP-0219,18,Human Resources,Manager,No,0,4706.1,Divorced,No
EMP-0220,44,Research & Development,Research Scientist,Yes,4,4611.94,Single,No
EMP-0221,37,Sales,Sales Executive,No,11,7612.31,Married,No
EMP-0222,42,Human Resources,Human Resources,No,4,3164.28,Divorced,No
EMP-0223,35,Sales,Sales Executive,No,6,3343.99,Single,No
EMP-0224,42,Research & Development,Laboratory Technician,No,8,8920.17,Married,No
EMP-0225,31,Sales,Sales Representative,No,13,6506.5,Single,Yes
EMP-0226,47,Sales,Sales Representative,No,6,4040.15,Married,No
EMP-0227,30,Research & Development,Research Director,No,5,8244.96,Married,No
EMP-0228,47,Sales,Sales Executive,No,22,8743.86,Divorced,No
EMP-0229,44,Research & Development,Research Scientist,No,16,7219.08,Married,No
EMP-0230,31,Sales,Sales Executive,No,11,5503.33,Married,No
EMP-0231,37,Research & Development,Laboratory Technician,Yes,8,6949.62,Married,No
EMP-0232,20,Research & Development,Research Scientist,No,2,7452.17,Single,Yes
EMP-0233,44,Research & Development,Research Scientist,No,24,10305.54,Single,No
EMP-0234,32,Research & Development,Research Scientist,No,14,8388.1,Single,No
EMP-0235,29,Research & Development,Research Scientist,Yes,11,9181.42,Single,Yes
EMP-0236,30,Sales,Sales Representative,No,12,9234.37,Married,Yes
EMP-0237,35,Research & Development,Research Scientist,No,14,7747.12,Divorced,No
EMP-0238,28,Sales,Sales Representative,No,10,9488.22,Divorced,No
EMP-0239,44,Research & Development,Laboratory Technician,Yes,10,5601.05,Married,No
EMP-0240,33,Research & Development,Research Scientist,No,8,5582.13,Married,No
EMP-0241,41,Research & Development,Laboratory Technician,Yes,8,6845.47,Married,Yes
EMP-0242,27,Research & Development,Research Director,No,9,8148.35,Single,No
EMP-0243,32,Research & Development,Research Director,Yes,7,7301.46,Divorced,No
EMP-0244,43,Research & Development,Laboratory Technician,Yes,11,7639.33,Divorced,No
EMP-0245,27,Sales,Sales Representative,No,9,7674.91,Married,No
EMP-0246,22,Research & Development,Research Scientist,No,4,3801.76,Single,No
EMP-0247,37,Sales,Sales Representative,No,12,5863.52,Married,No
EMP-0248,30,Research & Development,Laboratory Technician,Yes,12,7164.46,Single,No
EMP-0249,26,Research & Development,Research Scientist,Yes,8,8855.22,Married,No
EMP-0250,24,Research & Development,Research Scientist,Yes,6,4681.99,Single,No
EMP-0251,39,Sales,Sales Executive,No,5,5235.05,Divorced,No
EMP-0252,31,Research & Development,Laboratory Technician,Yes,13,8361.89,Divorced,No
EMP-0253,47,Research & Development,Research Director,No,23,9206.76,Married,No
EMP-0254,38,Research & Development,Research Director,Yes,4,6783.78,Married,No
EMP-0255,46,Research & Development,Research Scientist,No,15,6955.79,Married,No
EMP-0256,34,Research & Development,Laboratory Technician,Yes,8,5465.59,Married,No
EMP-0257,31,Research & Development,Research Director,Yes,13,7303.65,Single,Yes
EMP-0258,32,Sales,Sales Executive,No,14,7229.04,Married,No
EMP-0259,25,Research & Development,Research Director,No,7,7471.2,Divorced,No
EMP-0260,37,Sales,Sales Executive,No,8,4126.98,Married,Yes
EMP-0261,35,Research & Development,Research Director,No,13,10788.08,Married,No
EMP-0262,26,Research & Development,Laboratory Technician,Yes,8,4806.33,Divorced,No
EMP-0263,20,Research & Development,Research Scientist,No,2,7259.3,Single,No
EMP-0264,26,Research & Development,Laboratory Technician,Yes,5,6088.08,Divorced,No
EMP-0265,22,Research & Development,Research Scientist,Yes,2,3546.66,Single,No
EMP-0266,43,Sales,Sales Representative,Yes,20,8524.57,Married,Yes
EMP-0267,32,Sales,Sales Representative,Yes,14,8998.95,Single,No
EMP-0268,31,Research & Development,Research Director,No,1,5976.96,Married,No
EMP-0269,24,Sales,Sales Representative,No,6,7873.15,Married,No
EMP-0270,34,Research & Development,Research Scientist,No,16,10542.82,Married,No
EMP-0271,34,Research & Development,Laboratory Technician,No,2,4370.98,Married,No
EMP-0272,39,Research & Development,Laboratory Technician,No,10,4829.52,Single,No
EMP-0273,39,Research & Development,Laboratory Technician,No,20,9309.44,Married,No
EMP-0274,32,Research & Development,Research Scientist,Yes,14,9204.96,Married,No
EMP-0275,55,Research & Development,Research Scientist,Yes,5,7136.38,Divorced,No
EMP-0276,23,Sales,Sales Executive,No,3,6331.38,Single,No
EMP-0277,42,Research & Development,Research Director,Yes,18,7255.71,Married,No
EMP-0278,36,Research & Development,Laboratory Technician,No,4,6371.57,Divorced,No
EMP-0279,31,Research & Development,Research Scientist,No,13,6262.91,Married,No
EMP-0280,32,Research & Development,Laboratory Technician,No,14,7897.39,Single,No
EMP-0281,40,Research & Development,Laboratory Technician,No,7,5638.13,Divorced,No
EMP-0282,24,Human Resources,Human Resources,No,6,3841.9,Married,No
EMP-0283,29,Research & Development,Research Scientist,No,6,5231.29,Married,No
EMP-0284,46,Sales,Sales Representative,Yes,14,5908.32,Single,No
EMP-0285,41,Sales,Sales Representative,No,13,5741.68,Married,No
EMP-0286,25,Research & Development,Research Scientist,No,7,6202.1,Married,No
EMP-0287,33,Human Resources,Manager,No,7,6705.67,Married,No
EMP-0288,35,Sales,Sales Representative,No,17,9214.74,Single,No
EMP-0289,46,Research & Development,Research Director,Yes,15,10361.58,Married,Yes
EMP-0290,26,Sales,Sales Executive,Yes,8,6122.25,Single,No
EMP-0291,20,Research & Development,Research Director,Yes,2,2282.08,Single,Yes
EMP-0292,37,Research & Development,Laboratory Technician,No,19,11289.2,Divorced,No
EMP-0293,33,Research & Development,Laboratory Technician,No,15,10454.69,Married,No
EMP-0294,35,Sales,Sales Representative,No,3,6284.39,Divorced,No
EMP-0295,34,Sales,Sales Executive,No,3,5352.32,Divorced,No
EMP-0296,42,Research & Development,Research Director,Yes,13,9705.97,Single,Yes
EMP-0297,36,Sales,Sales Representative,Yes,4,2897.72,Divorced,No
EMP-0298,32,Sales,Sales Executive,Yes,12,6856.67,Single,No
EMP-0299,43,Research & Development,Laboratory Technician,No,25,14479.15,Single,No
EMP-0300,50,Research & Development,Research Director,Yes,16,8953.14,Married,No
EMP-0301,47,Research & Development,Laboratory Technician,No,9,6038.94,Single,No
EMP-0302,33,Sales,Sales Executive,Yes,4,7861.64,Married,No
EMP-0303,42,Sales,Sales Executive,No,24,12385.25,Married,No
EMP-0304,42,Research & Development,Research Scientist,Yes,12,5539.53,Single,No
EMP-0305,42,Research & Development,Research Director,No,6,4701.65,Married,No
EMP-0306,29,Research & Development,Laboratory Technician,Yes,8,5126.77,Divorced,No
EMP-0307,39,Research & Development,Research Scientist,No,21,12372.1,Single,No
EMP-0308,18,Research & Development,Laboratory Technician,No,0,3267.12,Married,No
EMP-0309,37,Research & Development,Laboratory Technician,No,5,6591.07,Single,Yes
EMP-0310,27,Sales,Sales Representative,No,9,4916.5,Married,No
EMP-0311,39,Sales,Sales Executive,No,5,7572.4,Married,No
EMP-0312,34,Research & Development,Research Director,No,12,7212.46,Married,No
EMP-0313,27,Sales,Sales Representative,No,9,7741.09,Married,No
EMP-0314,41,Research & Development,Research Director,No,21,12420.66,Married,No
EMP-0315,35,Research & Development,Research Director,No,6,7071.68,Single,No
EMP-0316,49,Research & Development,Research Scientist,Yes,4,5156.97,Married,Yes
EMP-0317,43,Sales,Sales Representative,No,5,7809.58,Married,No
EMP-0318,19,Human Resources,Manager,No,1,5363.87,Divorced,No
EMP-0319,24,Research & Development,Research Director,Yes,6,6357.86,Divorced,No
EMP-0320,35,Research & Development,Laboratory Technician,No,5,4752.51,Single,No
EMP-0321,36,Sales,Sales Executive,No,6,7738.15,Married,No
EMP-0322,34,Research & Development,Research Director,No,13,5827.86,Single,No
EMP-0323,45,Research & Development,Research Director,No,10,8286.9,Married,No
EMP-0324,38,Human Resources,Human Resources,Yes,12,9204.11,Married,Yes
EMP-0325,37,Research & Development,Laboratory Technician,Yes,16,10584.33,Divorced,No
EMP-0326,40,Sales,Sales Representative,No,13,5474.15,Married,No
EMP-0327,23,Research & Development,Research Scientist,Yes,5,3447.8,Single,No
EMP-0328,43,Research & Development,Research Scientist,No,12,7838.87,Married,No
EMP-0329,29,Research & Development,Research Director,Yes,11,6575.93,Single,Yes
EMP-0330,43,Research & Development,Research Scientist,No,19,9429.01,Divorced,No
EMP-0331,39,Sales,Sales Executive,No,8,7045.26,Married,No
EMP-0332,37,Research & Development,Research Scientist,No,12,8029.22,Married,No
EMP-0333,28,Research & Development,Research Director,No,5,4161.84,Single,No
EMP-0334,30,Research & Development,Research Scientist,No,12,6503.95,Married,No
EMP-0335,27,Research & Development,Laboratory Technician,No,7,5060.14,Single,No
EMP-0336,35,Research & Development,Laboratory Technician,Yes,2,3884.44,Single,Yes
EMP-0337,38,Research & Development,Research Scientist,No,20,10173.01,Divorced,Yes
EMP-0338,33,Research & Development,Laboratory Technician,Yes,15,9125.62,Married,No
EMP-0339,28,Research & Development,Laboratory Technician,No,10,4795.0,Married,Yes
EMP-0340,51,Research & Development,Research Director,No,21,10902.91,Married,No
EMP-0341,33,Research & Development,Research Scientist,Yes,15,10976.21,Married,No
EMP-0342,44,Research & Development,Laboratory Technician,Yes,10,9008.37,Single,No
EMP-0343,47,Research & Development,Laboratory Technician,No,21,11954.58,Single,Yes
EMP-0344,30,Research & Development,Research Director,Yes,5,6922.45,Single,No
EMP-0345,38,Research & Development,Laboratory Technician,No,8,7858.07,Divorced,No
EMP-0346,46,Research & Development,Research Director,Yes,11,5702.02,Married,Yes
EMP-0347,26,Research & Development,Laboratory Technician,No,8,9014.59,Single,No
EMP-0348,32,Research & Development,Laboratory Technician,No,14,7153.08,Single,No
EMP-0349,24,Sales,Sales Executive,Yes,2,4111.22,Divorced,Yes
EMP-0350,41,Research & Development,Laboratory Technician,No,22,8965.51,Married,No
EMP-0351,40,Research & Development,Research Director,No,2,7083.88,Single,No
EMP-0352,40,Research & Development,Laboratory Technician,No,8,7373.27,Married,No
EMP-0353,28,Human Resources,Manager,No,10,6416.93,Divorced,No
EMP-0354,30,Research & Development,Laboratory Technician,Yes,12,8767.35,Married,No
EMP-0355,39,Research & Development,Research Scientist,Yes,5,3921.9,Married,No
EMP-0356,22,Research & Development,Research Scientist,No,4,7495.75,Married,No
EMP-0357,34,Research & Development,Research Scientist,No,9,7456.27,Married,No
EMP-0358,53,Research & Development,Laboratory Technician,Yes,18,10896.36,Single,No
EMP-0359,41,Research & Development,Research Scientist,No,7,6943.12,Divorced,No
EMP-0360,36,Research & Development,Research Director,No,18,10157.63,Single,No
EMP-0361,37,Sales,Sales Executive,Yes,11,9168.14,Married,No
EMP-0362,44,Research & Development,Research Scientist,No,15,7351.83,Married,No
EMP-0363,43,Research & Development,Laboratory Technician,No,25,12471.33,Married,No
EMP-0364,29,Research & Development,Research Scientist,Yes,7,4548.87,Married,Yes
EMP-0365,30,Sales,Sales Executive,No,2,7226.7,Divorced,Yes
EMP-0366,45,Research & Development,Research Scientist,No,5,5428.39,Single,No
EMP-0367,28,Research & Development,Research Director,No,10,8781.25,Single,Yes
EMP-0368,25,Sales,Sales Representative,No,7,5720.46,Married,No
EMP-0369,38,Research & Development,Research Director,Yes,12,9987.47,Single,Yes
EMP-0370,39,Research & Development,Laboratory Technician,No,13,9195.11,Single,No
EMP-0371,35,Sales,Sales Representative,No,17,11451.53,Single,Yes
EMP-0372,27,Sales,Sales Representative,Yes,9,7815.13,Married,No
EMP-0373,37,Sales,Sales Representative,No,19,12141.53,Single,No
EMP-0374,39,Research & Development,Research Director,No,13,7397.56,Married,No
EMP-0375,41,Research & Development,Research Scientist,No,5,6790.46,Single,No
EMP-0376,23,Research & Development,Research Scientist,Yes,5,3061.15,Married,Yes
EMP-0377,44,Research & Development,Laboratory Technician,No,7,8974.18,Divorced,No
EMP-0378,43,Research & Development,Research Scientist,No,25,10048.71,Married,No
EMP-0379,36,Research & Development,Research Scientist,No,7,7628.13,Single,Yes
EMP-0380,49,Research & Development,Laboratory Technician,Yes,6,8073.99,Single,Yes
EMP-0381,44,Research & Development,Research Scientist,No,24,10125.69,Married,No
EMP-0382,21,Research & Development,Research Scientist,Yes,3,7536.79,Divorced,Yes
EMP-0383,41,Research & Development,Research Scientist,No,5,5013.22,Married,No
EMP-0384,20,Sales,Sales Representative,No,2,4718.51,Single,No
EMP-0385,35,Research & Development,Research Scientist,No,17,8020.97,Divorced,No
EMP-0386,33,Research & Development,Research Director,No,8,7332.85,Single,No
EMP-0387,33,Sales,Sales Representative,No,10,5230.05,Single,No
EMP-0388,38,Research & Development,Laboratory Technician,No,18,9491.33,Married,No
EMP-0389,38,Research & Development,Laboratory Technician,No,19,12466.52,Married,No
EMP-0390,33,Research & Development,Research Director,No,15,10904.18,Divorced,No
EMP-0391,40,Human Resources,Manager,No,6,6443.85,Married,No
EMP-0392,29,Research & Development,Research Scientist,No,11,6235.78,Single,No
EMP-0393,26,Sales,Sales Representative,No,8,5119.63,Single,Yes
EMP-0394,28,Research & Development,Research Director,Yes,10,9980.21,Single,Yes
EMP-0395,29,Research & Development,Research Scientist,No,11,8978.9,Single,Yes
EMP-0396,29,Research & Development,Laboratory Technician,No,11,5413.19,Married,No
EMP-0397,31,Research & Development,Research Director,No,10,5686.86,Single,No
EMP-0398,27,Research & Development,Research Director,Yes,3,4523.97,Married,Yes
EMP-0399,52,Research & Development,Research Director,Yes,7,9039.75,Divorced,No
EMP-0400,43,Sales,Sales Executive,No,12,7724.59,Married,No
EMP-0401,36,Sales,Sales Executive,No,9,9107.6,Divorced,No
EMP-0402,24,Research & Development,Research Director,Yes,5,7919.04,Married,No
EMP-0403,29,Research & Development,Laboratory Technician,No,6,3849.83,Married,No
EMP-0404,41,Sales,Sales Representative,No,23,10108.59,Married,No
EMP-0405,32,Research & Development,Research Director,Yes,5,3528.52,Divorced,No
EMP-0406,29,Sales,Sales Executive,No,5,5969.31,Married,No
EMP-0407,42,Research & Development,Research Director,Yes,9,7204.58,Married,Yes
EMP-0408,32,Sales,Sales Representative,No,14,8940.08,Single,No
EMP-0409,27,Sales,Sales Executive,Yes,4,5784.8,Divorced,No
EMP-0410,40,Sales,Sales Executive,No,7,3761.04,Divorced,No
EMP-0411,34,Research & Development,Research Director,No,9,7596.35,Divorced,No
EMP-0412,48,Research & Development,Research Scientist,No,3,3895.32,Divorced,No
EMP-0413,37,Sales,Sales Executive,No,8,9282.62,Married,No
EMP-0414,36,Sales,Sales Executive,Yes,14,11165.38,Married,No
EMP-0415,36,Research & Development,Research Director,No,12,9897.48,Married,No
EMP-0416,35,Research & Development,Laboratory Technician,No,3,6660.11,Single,No
EMP-0417,43,Research & Development,Research Director,No,21,12172.52,Divorced,No
EMP-0418,23,Research & Development,Laboratory Technician,No,5,6393.89,Married,No
EMP-0419,28,Sales,Sales Executive,No,10,4648.43,Single,No
EMP-0420,35,Sales,Sales Executive,No,8,8324.64,Married,No
EMP-0421,33,Sales,Sales Executive,No,15,7731.76,Married,No
EMP-0422,45,Research & Development,Laboratory Technician,No,5,4854.47,Divorced,No
EMP-0423,40,Sales,Sales Representative,No,2,4226.73,Divorced,No
EMP-0424,34,Research & Development,Research Scientist,No,9,8538.59,Divorced,No
EMP-0425,44,Sales,Sales Representative,Yes,6,3391.8,Married,Yes
EMP-0426,37,Research & Development,Research Scientist,No,7,4692.96,Married,No
EMP-0427,46,Research & Development,Research Scientist,Yes,11,6309.52,Married,No
EMP-0428,40,Sales,Sales Representative,No,16,7642.89,Married,Yes
EMP-0429,20,Research & Development,Research Scientist,Yes,2,4126.55,Married,No
EMP-0430,46,Sales,Sales Executive,No,13,6464.05,Single,No
EMP-0431,40,Research & Development,Research Scientist,No,22,9713.15,Married,No
EMP-0432,25,Sales,Sales Executive,No,7,4593.67,Single,No
EMP-0433,36,Research & Development,Laboratory Technician,No,6,4885.28,Married,No
EMP-0434,27,Research & Development,Laboratory Technician,Yes,5,3542.24,Married,No
EMP-0435,34,Research & Development,Laboratory Technician,No,7,7397.92,Married,Yes
EMP-0436,60,Sales,Sales Executive,No,10,5267.4,Married,No
EMP-0437,26,Research & Development,Research Director,No,8,7053.89,Single,No
EMP-0438,42,Research & Development,Laboratory Technician,Yes,11,10084.37,Single,Yes
EMP-0439,55,Research & Development,Research Director,Yes,8,5512.75,Single,No
EMP-0440,32,Sales,Sales Executive,No,9,6981.06,Divorced,No
EMP-0441,24,Research & Development,Research Director,Yes,6,8249.96,Divorced,Yes
EMP-0442,35,Research & Development,Laboratory Technician,Yes,10,8515.82,Married,No
EMP-0443,39,Research & Development,Research Scientist,No,21,10310.72,Single,Yes
EMP-0444,29,Human Resources,Manager,No,3,3625.56,Single,No
EMP-0445,37,Research & Development,Laboratory Technician,No,9,9071.92,Divorced,No
EMP-0446,24,Research & Development,Laboratory Technician,No,4,5320.73,Married,No
EMP-0447,50,Sales,Sales Executive,No,15,8317.41,Married,No
EMP-0448,35,Research & Development,Research Scientist,No,4,5184.32,Single,No
EMP-0449,33,Research & Development,Research Scientist,Yes,1,4708.06,Married,No
EMP-0450,35,Research & Development,Research Scientist,No,10,6525.14,Married,No
EMP-0451,23,Research & Development,Laboratory Technician,Yes,5,4901.74,Married,No
EMP-0452,29,Research & Development,Research Director,No,4,2837.5,Divorced,No
EMP-0453,36,Sales,Sales Executive,No,4,3393.41,Married,No
EMP-0454,35,Research & Development,Research Scientist,Yes,17,8577.96,Married,Yes
EMP-0455,36,Research & Development,Research Director,Yes,5,4077.62,Married,No
EMP-0456,32,Research & Development,Research Scientist,No,10,5120.45,Married,Yes
EMP-0457,42,Research & Development,Research Director,Yes,13,8288.28,Married,No
EMP-0458,50,Research & Development,Laboratory Technician,Yes,5,5501.46,Married,No
EMP-0459,28,Research & Development,Research Scientist,No,6,5347.2,Married,No
EMP-0460,35,Research & Development,Laboratory Technician,No,2,3161.45,Single,No
EMP-0461,31,Research & Development,Research Director,No,13,10811.96,Married,No
EMP-0462,32,Sales,Sales Representative,Yes,9,5897.97,Single,No
EMP-0463,42,Human Resources,Human Resources,No,11,9887.62,Married,No
EMP-0464,38,Research & Development,Laboratory Technician,No,11,5661.84,Single,No
EMP-0465,35,Sales,Sales Executive,No,10,7349.14,Married,Yes
EMP-0466,46,Research & Development,Laboratory Technician,No,4,7916.18,Married,No
EMP-0467,33,Sales,Sales Executive,No,2,4878.45,Divorced,No
EMP-0468,40,Research & Development,Research Scientist,No,21,13246.62,Married,No
EMP-0469,34,Research & Development,Laboratory Technician,No,1,5160.04,Married,No
EMP-0470,31,Human Resources,Manager,No,6,5502.17,Single,No
EMP-0471,26,Research & Development,Research Director,No,8,9174.85,Divorced,No
EMP-0472,43,Human Resources,Human Resources,No,25,10029.4,Married,No
EMP-0473,43,Sales,Sales Representative,Yes,14,7373.54,Single,No
EMP-0474,37,Human Resources,Manager,No,18,11627.74,Single,No
EMP-0475,46,Research & Development,Laboratory Technician,No,4,4773.23,Married,No
EMP-0476,26,Research & Development,Laboratory Technician,No,1,1990.54,Married,Yes
EMP-0477,36,Research & Development,Laboratory Technician,No,15,9953.86,Married,Yes
EMP-0478,47,Research & Development,Research Scientist,No,1,2386.41,Single,Yes
EMP-0479,51,Human Resources,Human Resources,No,9,4660.79,Married,No
EMP-0480,40,Research & Development,Laboratory Technician,No,18,9811.12,Divorced,No
EMP-0481,30,Sales,Sales Executive,Yes,11,4951.17,Married,Yes
EMP-0482,38,Sales,Sales Representative,No,20,8968.68,Married,No
EMP-0483,41,Research & Development,Research Director,Yes,3,3596.83,Single,Yes
EMP-0484,43,Research & Development,Laboratory Technician,No,19,8658.02,Single,No
EMP-0485,49,Sales,Sales Executive,No,12,6964.54,Single,No
EMP-0486,35,Research & Development,Laboratory Technician,No,17,11474.19,Married,No
EMP-0487,37,Research & Development,Research Director,Yes,12,10002.05,Divorced,Yes
EMP-0488,27,Research & Development,Research Scientist,No,9,8107.85,Divorced,No
EMP-0489,40,Research & Development,Research Scientist,No,20,7945.06,Married,No
EMP-0490,32,Research & Development,Laboratory Technician,Yes,14,7594.1,Divorced,No
EMP-0491,42,Research & Development,Laboratory Technician,No,5,4965.57,Single,No
EMP-0492,31,Sales,Sales Representative,No,13,6985.67,Single,No
EMP-0493,25,Research & Development,Research Scientist,No,7,8306.49,Single,No
EMP-0494,42,Research & Development,Laboratory Technician,No,19,10785.82,Married,Yes
EMP-0495,51,Sales,Sales Executive,No,6,7421.43,Single,No
EMP-0496,28,Research & Development,Research Director,No,5,6847.6,Single,Yes
EMP-0497,40,Research & Development,Laboratory Technician,No,5,6798.83,Single,No
EMP-0498,39,Research & Development,Laboratory Technician,Yes,8,4190.93,Married,Yes
EMP-0499,47,Research & Development,Research Director,Yes,21,10544.2,Married,No
EMP-0500,32,Research & Development,Research Scientist,No,10,8799.39,Divorced,No
EMP-0501,53,Research & Development,Laboratory Technician,Yes,8,7273.17,Divorced,Yes
EMP-0502,35,Research & Development,Research Director,Yes,4,5883.54,Married,No
EMP-0503,32,Human Resources,Manager,No,7,3851.46,Divorced,No
EMP-0504,54,Research & Development,Laboratory Technician,No,2,3090.78,Married,No
EMP-0505,41,Research & Development,Laboratory Technician,No,15,9527.75,Divorced,No
EMP-0506,37,Research & Development,Research Director,No,17,7215.71,Single,No
EMP-0507,27,Research & Development,Research Scientist,No,9,6613.61,Married,Yes
EMP-0508,37,Research & Development,Laboratory Technician,Yes,6,6310.62,Married,No
EMP-0509,37,Research & Development,Research Scientist,No,12,7879.1,Married,No
EMP-0510,27,Research & Development,Research Scientist,No,9,6118.53,Single,No
EMP-0511,47,Research & Development,Laboratory Technician,No,14,9233.36,Divorced,No
EMP-0512,43,Research & Development,Laboratory Technician,Yes,6,4262.9,Single,No
EMP-0513,43,Research & Development,Laboratory Technician,No,4,4426.94,Married,No
EMP-0514,44,Sales,Sales Executive,No,3,4196.57,Single,No
EMP-0515,28,Sales,Sales Executive,No,10,8604.76,Divorced,No
EMP-0516,46,Research & Development,Research Scientist,No,4,7116.68,Single,No
EMP-0517,28,Research & Development,Research Director,Yes,7,3751.74,Single,No
EMP-0518,31,Research & Development,Laboratory Technician,Yes,5,8259.38,Married,No
EMP-0519,28,Sales,Sales Representative,No,7,7150.42,Single,No
EMP-0520,34,Sales,Sales Representative,No,11,8281.72,Married,Yes
EMP-0521,39,Human Resources,Manager,Yes,13,7400.55,Married,Yes
EMP-0522,44,Sales,Sales Executive,No,20,10878.56,Married,No
EMP-0523,44,Research & Development,Research Director,No,18,8959.43,Divorced,No
EMP-0524,29,Sales,Sales Representative,No,11,7004.65,Single,Yes
EMP-0525,31,Research & Development,Research Scientist,No,6,4056.92,Married,No
EMP-0526,48,Research & Development,Research Director,No,3,3811.06,Divorced,No
EMP-0527,36,Sales,Sales Representative,No,3,3114.64,Married,No
EMP-0528,40,Research & Development,Laboratory Technician,No,2,6522.05,Divorced,No
EMP-0529,27,Sales,Sales Executive,No,9,9581.3,Single,Yes
EMP-0530,49,Research & Development,Laboratory Technician,Yes,24,11623.88,Married,No
EMP-0531,20,Sales,Sales Executive,No,2,2061.68,Single,No
EMP-0532,31,Research & Development,Research Scientist,No,13,7319.29,Single,No
EMP-0533,30,Research & Development,Laboratory Technician,No,12,8406.11,Married,Yes
EMP-0534,52,Sales,Sales Executive,No,15,7609.11,Married,No
EMP-0535,30,Research & Development,Research Scientist,No,6,5917.34,Single,No
EMP-0536,37,Human Resources,Manager,Yes,19,12300.02,Single,No
EMP-0537,37,Human Resources,Human Resources,No,1,2498.42,Single,Yes
EMP-0538,29,Research & Development,Research Director,No,11,10127.76,Single,No
EMP-0539,35,Human Resources,Manager,Yes,14,9587.48,Single,No
EMP-0540,52,Research & Development,Laboratory Technician,No,25,13738.28,Divorced,No
EMP-0541,40,Research & Development,Research Scientist,No,16,8828.96,Single,No
EMP-0542,35,Research & Development,Laboratory Technician,No,17,11625.48,Single,No
EMP-0543,18,Human Resources,Manager,Yes,0,2891.86,Divorced,No
EMP-0544,30,Research & Development,Research Scientist,No,9,8580.58,Single,No
EMP-0545,38,Sales,Sales Representative,No,6,6525.24,Single,No
EMP-0546,31,Research & Development,Research Scientist,Yes,13,8404.81,Married,No
EMP-0547,39,Research & Development,Research Director,Yes,5,8331.6,Married,No
EMP-0548,41,Research & Development,Laboratory Technician,No,12,7923.97,Married,No
EMP-0549,37,Research & Development,Research Director,No,18,11869.38,Single,No
EMP-0550,36,Research & Development,Research Scientist,Yes,14,5960.87,Single,Yes
EMP-0551,46,Research & Development,Research Director,No,8,9050.75,Married,No
EMP-0552,27,Sales,Sales Executive,No,9,9635.42,Single,No
EMP-0553,51,Human Resources,Manager,No,1,6726.36,Married,Yes
EMP-0554,47,Research & Development,Research Scientist,Yes,2,5457.41,Divorced,No
EMP-0555,25,Research & Development,Laboratory Technician,No,7,6440.08,Married,No
EMP-0556,24,Research & Development,Research Scientist,Yes,6,8688.28,Divorced,No
EMP-0557,40,Research & Development,Research Director,No,11,10298.47,Married,No
EMP-0558,32,Sales,Sales Representative,No,2,4475.64,Divorced,No
EMP-0559,29,Research & Development,Research Director,No,11,9829.72,Single,No
EMP-0560,23,Sales,Sales Representative,No,3,6731.33,Married,No
EMP-0561,46,Research & Development,Laboratory Technician,No,5,5793.31,Married,No
EMP-0562,28,Research & Development,Research Director,No,10,9587.74,Single,No
EMP-0563,46,Research & Development,Laboratory Technician,No,10,5581.22,Married,No
EMP-0564,40,Research & Development,Research Scientist,No,3,7081.82,Divorced,No
EMP-0565,33,Research & Development,Research Director,No,14,10392.25,Married,No
EMP-0566,20,Research & Development,Research Scientist,No,2,6025.85,Divorced,No
EMP-0567,36,Sales,Sales Representative,No,5,4177.91,Divorced,No
EMP-0568,33,Research & Development,Research Scientist,No,15,7323.83,Divorced,No
EMP-0569,27,Sales,Sales Representative,No,9,6921.26,Married,No
EMP-0570,28,Research & Development,Research Director,No,10,5840.89,Single,No
EMP-0571,38,Sales,Sales Executive,No,17,6745.08,Divorced,No
EMP-0572,30,Sales,Sales Executive,No,3,5427.04,Married,No
EMP-0573,30,Research & Development,Research Director,No,12,6505.25,Married,No
EMP-0574,43,Research & Development,Laboratory Technician,No,7,7936.53,Married,No
EMP-0575,48,Sales,Sales Executive,No,13,10236.88,Divorced,No
EMP-0576,36,Sales,Sales Representative,Yes,1,3196.55,Divorced,No
EMP-0577,26,Research & Development,Research Director,No,8,5216.89,Single,No
EMP-0578,32,Research & Development,Research Scientist,No,14,9797.9,Single,No
EMP-0579,57,Research & Development,Research Director,No,7,3843.44,Married,No
EMP-0580,38,Research & Development,Research Director,No,12,8948.96,Married,No
EMP-0581,39,Sales,Sales Representative,Yes,9,5574.09,Single,No
EMP-0582,44,Sales,Sales Representative,No,19,10292.45,Married,Yes
EMP-0583,50,Research & Development,Research Scientist,Yes,1,6500.09,Married,No
EMP-0584,25,Sales,Sales Executive,No,7,4028.24,Single,No
EMP-0585,37,Research & Development,Research Scientist,Yes,3,6861.0,Single,Yes
EMP-0586,33,Human Resources,Human Resources,No,15,7597.03,Married,No
EMP-0587,34,Research & Development,Research Director,No,10,5592.32,Married,No
EMP-0588,26,Research & Development,Research Scientist,No,8,4058.68,Single,No
EMP-0589,29,Sales,Sales Representative,No,9,5983.4,Single,Yes
EMP-0590,33,Research & Development,Research Director,No,4,4630.42,Divorced,No
EMP-0591,38,Research & Development,Research Director,No,7,7625.1,Divorced,No
EMP-0592,35,Human Resources,Manager,Yes,4,2803.24,Married,No
EMP-0593,41,Research & Development,Laboratory Technician,Yes,6,4550.89,Married,Yes
EMP-0594,24,Research & Development,Laboratory Technician,Yes,6,6392.64,Single,No
EMP-0595,33,Research & Development,Laboratory Technician,No,15,6866.5,Married,Yes
EMP-0596,38,Research & Development,Research Scientist,No,3,7154.38,Married,No
EMP-0597,36,Research & Development,Research Director,No,18,11993.49,Single,No
EMP-0598,45,Sales,Sales Representative,No,6,5965.52,Married,No
EMP-0599,56,Research & Development,Research Scientist,No,7,8584.51,Single,Yes
EMP-0600,35,Research & Development,Research Scientist,Yes,5,4825.11,Divorced,No
EMP-0601,45,Sales,Sales Representative,No,7,4917.8,Married,No
EMP-0602,48,Sales,Sales Representative,No,8,5193.22,Married,No
EMP-0603,35,Research & Development,Laboratory Technician,No,5,4574.36,Married,No
EMP-0604,34,Research & Development,Research Director,Yes,16,9181.02,Married,No
EMP-0605,41,Research & Development,Research Director,Yes,23,12648.2,Single,Yes
EMP-0606,45,Research & Development,Research Scientist,Yes,7,4912.02,Single,No
EMP-0607,48,Sales,Sales Representative,No,12,5802.66,Divorced,No
EMP-0608,29,Research & Development,Laboratory Technician,No,11,7653.22,Married,No
EMP-0609,45,Human Resources,Manager,No,18,8056.55,Single,No
EMP-0610,36,Sales,Sales Representative,Yes,2,2096.1,Married,Yes
EMP-0611,27,Research & Development,Laboratory Technician,No,9,9599.14,Single,No
EMP-0612,27,Research & Development,Laboratory Technician,Yes,9,8767.54,Divorced,Yes
EMP-0613,20,Sales,Sales Executive,No,2,7466.44,Single,No
EMP-0614,38,Research & Development,Research Scientist,Yes,20,10926.76,Married,No
EMP-0615,43,Research & Development,Laboratory Technician,No,25,13581.72,Single,No
EMP-0616,44,Research & Development,Research Scientist,Yes,8,8835.24,Single,No
EMP-0617,40,Sales,Sales Representative,No,5,4018.09,Divorced,No
EMP-0618,31,Research & Development,Research Director,Yes,9,5565.98,Single,Yes
EMP-0619,38,Research & Development,Research Director,No,18,10261.59,Married,No
EMP-0620,37,Research & Development,Research Scientist,No,19,11467.96,Married,No
EMP-0621,32,Research & Development,Research Scientist,Yes,11,6207.48,Single,No
EMP-0622,38,Research & Development,Research Director,No,8,5300.98,Single,No
EMP-0623,25,Sales,Sales Executive,Yes,7,4713.55,Single,No
EMP-0624,35,Research & Development,Laboratory Technician,No,3,4093.84,Married,Yes
EMP-0625,29,Research & Development,Research Scientist,No,11,6216.24,Divorced,No
EMP-0626,42,Research & Development,Laboratory Technician,No,15,6864.8,Married,No
EMP-0627,36,Research & Development,Laboratory Technician,No,3,7465.79,Married,No
EMP-0628,29,Research & Development,Laboratory Technician,No,11,6237.96,Married,No
EMP-0629,21,Research & Development,Research Scientist,No,2,5165.34,Single,No
EMP-0630,41,Research & Development,Research Director,Yes,7,7190.71,Single,Yes
EMP-0631,33,Human Resources,Manager,No,8,5067.88,Divorced,No
EMP-0632,32,Human Resources,Human Resources,No,12,5312.42,Married,No
EMP-0633,35,Research & Development,Research Director,No,12,8552.92,Single,No
EMP-0634,37,Research & Development,Research Scientist,No,12,7413.3,Single,No
EMP-0635,27,Research & Development,Research Director,No,9,7173.3,Married,No
EMP-0636,40,Sales,Sales Representative,Yes,14,6370.43,Married,Yes
EMP-0637,33,Research & Development,Laboratory Technician,Yes,3,2368.11,Married,No
EMP-0638,23,Research & Development,Research Scientist,Yes,5,7050.06,Married,No
EMP-0639,25,Sales,Sales Executive,No,7,8637.8,Single,No
EMP-0640,34,Human Resources,Manager,No,6,5316.33,Married,No
EMP-0641,40,Research & Development,Laboratory Technician,No,2,4565.87,Divorced,No
EMP-0642,39,Research & Development,Laboratory Technician,No,11,7409.4,Single,No
EMP-0643,40,Sales,Sales Executive,No,6,6725.41,Married,No
EMP-0644,27,Human Resources,Human Resources,No,9,6988.3,Married,No
EMP-0645,43,Research & Development,Laboratory Technician,No,4,7418.14,Single,No
EMP-0646,27,Research & Development,Research Scientist,No,5,5185.63,Single,No
EMP-0647,36,Research & Development,Laboratory Technician,No,18,11474.77,Single,Yes
EMP-0648,33,Sales,Sales Representative,No,13,7698.49,Single,No
EMP-0649,50,Research & Development,Research Scientist,No,6,6386.23,Married,No
EMP-0650,44,Research & Development,Research Director,No,17,10526.95,Divorced,No
EMP-0651,40,Research & Development,Research Scientist,Yes,11,10269.3,Divorced,Yes
EMP-0652,21,Research & Development,Laboratory Technician,Yes,3,7802.38,Married,No
EMP-0653,44,Research & Development,Laboratory Technician,No,7,4320.87,Married,No
EMP-0654,46,Research & Development,Research Director,No,3,7077.82,Married,No
EMP-0655,54,Research & Development,Laboratory Technician,No,3,6064.47,Divorced,No
EMP-0656,32,Research & Development,Research Scientist,Yes,14,6590.73,Single,Yes
EMP-0657,39,Research & Development,Research Director,No,6,3545.0,Single,No
EMP-0658,40,Research & Development,Research Scientist,No,13,8717.66,Married,Yes
EMP-0659,32,Research & Development,Laboratory Technician,No,4,6926.86,Single,No
EMP-0660,26,Research & Development,Research Scientist,Yes,8,8216.51,Married,No
EMP-0661,29,Research & Development,Research Scientist,Yes,11,8547.39,Divorced,No
EMP-0662,25,Research & Development,Laboratory Technician,No,6,4113.6,Single,No
EMP-0663,36,Research & Development,Research Scientist,No,13,9033.04,Single,No
EMP-0664,54,Human Resources,Human Resources,No,2,5430.32,Married,No
EMP-0665,32,Sales,Sales Executive,No,4,2769.47,Married,No
EMP-0666,33,Human Resources,Manager,Yes,6,4630.35,Married,No
EMP-0667,41,Research & Development,Laboratory Technician,No,7,4484.84,Married,Yes
EMP-0668,42,Research & Development,Laboratory Technician,No,6,7282.43,Divorced,No
EMP-0669,38,Sales,Sales Representative,No,8,8018.61,Single,No
EMP-0670,37,Research & Development,Laboratory Technician,No,13,8490.9,Divorced,No
EMP-0671,42,Research & Development,Research Director,No,23,13144.75,Married,No
EMP-0672,36,Sales,Sales Representative,No,18,9511.57,Divorced,No
EMP-0673,33,Sales,Sales Representative,Yes,15,8622.97,Married,No
EMP-0674,32,Sales,Sales Representative,No,14,5988.14,Single,No
EMP-0675,35,Research & Development,Research Scientist,Yes,9,5180.55,Single,No
EMP-0676,31,Sales,Sales Executive,No,13,10538.28,Single,No
EMP-0677,33,Research & Development,Research Scientist,No,11,7654.29,Single,No
EMP-0678,37,Research & Development,Research Scientist,Yes,19,8768.67,Divorced,No
EMP-0679,38,Research & Development,Laboratory Technician,Yes,20,8443.36,Single,Yes
EMP-0680,47,Research & Development,Research Scientist,Yes,9,9072.63,Married,No
EMP-0681,25,Sales,Sales Executive,No,6,3798.86,Divorced,No
EMP-0682,36,Sales,Sales Executive,Yes,3,6531.39,Married,No
EMP-0683,58,Research & Development,Research Scientist,Yes,8,6457.96,Single,No
EMP-0684,23,Research & Development,Research Scientist,No,1,3759.73,Divorced,No
EMP-0685,40,Research & Development,Research Scientist,Yes,14,6094.69,Single,No
EMP-0686,46,Research & Development,Laboratory Technician,Yes,6,3879.44,Married,No
EMP-0687,18,Sales,Sales Representative,Yes,0,2463.07,Divorced,No
EMP-0688,36,Research & Development,Research Scientist,No,6,7367.33,Single,No
EMP-0689,33,Sales,Sales Representative,No,10,7711.31,Married,No
EMP-0690,32,Research & Development,Research Scientist,No,7,4681.73,Married,No
EMP-0691,33,Research & Development,Laboratory Technician,Yes,10,7566.16,Married,Yes
EMP-0692,38,Sales,Sales Representative,No,16,9223.55,Married,No
EMP-0693,36,Research & Development,Research Director,No,18,12334.32,Married,No
EMP-0694,37,Research & Development,Research Scientist,No,19,11773.2,Married,No
EMP-0695,30,Sales,Sales Representative,No,12,7624.73,Married,No
EMP-0696,30,Research & Development,Research Scientist,No,11,9689.78,Single,No
EMP-0697,36,Research & Development,Research Director,Yes,12,9938.23,Married,No
EMP-0698,22,Sales,Sales Representative,No,4,6968.87,Single,No
EMP-0699,33,Research & Development,Research Director,Yes,9,4734.6,Married,No
EMP-0700,40,Sales,Sales Executive,No,8,8704.75,Married,No
EMP-0701,18,Sales,Sales Executive,No,0,5529.35,Married,Yes
EMP-0702,23,Sales,Sales Representative,Yes,5,5862.66,Married,No
EMP-0703,39,Sales,Sales Representative,Yes,9,4287.21,Single,No
EMP-0704,48,Research & Development,Research Scientist,No,3,6506.3,Married,No
EMP-0705,39,Sales,Sales Executive,No,5,7107.36,Married,No
EMP-0706,47,Sales,Sales Executive,No,25,10085.61,Single,No
EMP-0707,31,Sales,Sales Representative,Yes,7,8120.62,Married,No
EMP-0708,41,Research & Development,Research Scientist,Yes,2,4929.04,Married,No
EMP-0709,33,Human Resources,Manager,No,9,8274.22,Married,No
EMP-0710,41,Research & Development,Laboratory Technician,Yes,12,6515.31,Single,No
EMP-0711,39,Research & Development,Research Scientist,No,6,3300.68,Married,No
EMP-0712,30,Research & Development,Research Scientist,Yes,7,6484.31,Single,No
EMP-0713,31,Research & Development,Laboratory Technician,Yes,7,4705.83,Divorced,No
EMP-0714,31,Sales,Sales Representative,Yes,11,10272.82,Divorced,Yes
EMP-0715,42,Research & Development,Laboratory Technician,No,13,9466.44,Divorced,No
EMP-0716,40,Research & Development,Laboratory Technician,No,9,7563.39,Divorced,No
EMP-0717,52,Research & Development,Research Scientist,No,25,10119.5,Married,No
EMP-0718,28,Sales,Sales Representative,No,10,5122.47,Divorced,No
EMP-0719,42,Research & Development,Research Scientist,Yes,15,7075.37,Single,No
EMP-0720,51,Human Resources,Manager,Yes,4,4424.43,Divorced,No
EMP-0721,33,Human Resources,Human Resources,Yes,13,6195.11,Married,No
EMP-0722,41,Research & Development,Research Scientist,No,1,4781.18,Single,No
EMP-0723,28,Sales,Sales Representative,Yes,10,6869.63,Divorced,Yes
EMP-0724,45,Research & Development,Research Director,No,17,11083.51,Single,No
EMP-0725,42,Sales,Sales Executive,No,23,10573.25,Single,Yes
EMP-0726,47,Research & Development,Research Scientist,No,14,10391.46,Single,No
EMP-0727,45,Sales,Sales Representative,No,11,10046.15,Married,No
EMP-0728,47,Human Resources,Manager,No,7,7600.58,Single,No
EMP-0729,36,Research & Development,Laboratory Technician,No,8,9121.1,Single,No
EMP-0730,42,Research & Development,Research Director,No,10,6289.62,Single,No
EMP-0731,38,Human Resources,Manager,No,18,10944.24,Divorced,No
EMP-0732,28,Research & Development,Research Scientist,No,10,9505.91,Married,No
EMP-0733,35,Sales,Sales Executive,No,5,7674.66,Single,No
EMP-0734,45,Research & Development,Research Director,No,16,8696.83,Divorced,No
EMP-0735,25,Research & Development,Research Scientist,Yes,7,8885.41,Single,No
EMP-0736,30,Research & Development,Laboratory Technician,No,12,5388.86,Married,No
EMP-0737,34,Research & Development,Laboratory Technician,No,16,7125.95,Single,No
EMP-0738,34,Research & Development,Research Scientist,No,14,7857.41,Married,No
EMP-0739,44,Research & Development,Research Director,No,5,4474.59,Divorced,No
EMP-0740,20,Research & Development,Research Scientist,No,2,7221.44,Single,No
EMP-0741,48,Research & Development,Research Scientist,No,9,8476.73,Married,No
EMP-0742,31,Sales,Sales Executive,No,13,10447.59,Married,No
EMP-0743,42,Sales,Sales Representative,No,24,9474.09,Single,No
EMP-0744,46,Research & Development,Research Director,No,20,9837.01,Married,No
EMP-0745,54,Sales,Sales Representative,Yes,4,4232.18,Married,No
EMP-0746,29,Research & Development,Laboratory Technician,No,11,5149.46,Married,No
EMP-0747,48,Research & Development,Laboratory Technician,No,8,4964.34,Single,No
EMP-0748,44,Research & Development,Laboratory Technician,Yes,14,10001.86,Married,No
EMP-0749,33,Research & Development,Laboratory Technician,No,15,6501.31,Single,No
EMP-0750,42,Sales,Sales Executive,No,4,3546.8,Divorced,No
EMP-0751,30,Research & Development,Research Director,Yes,12,6973.97,Divorced,No
EMP-0752,29,Sales,Sales Representative,No,11,9401.83,Single,No
EMP-0753,33,Sales,Sales Representative,Yes,15,8994.86,Married,No
EMP-0754,48,Research & Development,Laboratory Technician,No,11,7173.52,Married,No
EMP-0755,40,Sales,Sales Representative,No,3,5414.0,Married,No
EMP-0756,31,Research & Development,Laboratory Technician,No,13,9060.62,Married,No
EMP-0757,58,Research & Development,Research Scientist,Yes,10,5413.27,Single,No
EMP-0758,23,Research & Development,Laboratory Technician,Yes,5,3516.08,Divorced,No
EMP-0759,31,Research & Development,Research Director,No,7,3874.2,Single,Yes
EMP-0760,34,Research & Development,Research Scientist,No,16,8832.45,Married,No
EMP-0761,37,Research & Development,Laboratory Technician,No,15,6968.46,Divorced,No
EMP-0762,26,Sales,Sales Representative,No,8,7741.94,Single,No
EMP-0763,23,Sales,Sales Representative,No,5,5067.92,Single,No
EMP-0764,25,Sales,Sales Representative,No,7,3694.33,Single,No
EMP-0765,42,Research & Development,Laboratory Technician,No,7,6597.74,Married,No
EMP-0766,53,Research & Development,Research Scientist,No,15,11098.45,Divorced,Yes
EMP-0767,33,Research & Development,Research Scientist,No,5,6977.39,Married,No
EMP-0768,54,Research & Development,Laboratory Technician,No,11,6433.88,Married,No
EMP-0769,58,Research & Development,Laboratory Technician,No,10,8420.34,Single,No
EMP-0770,40,Research & Development,Laboratory Technician,Yes,22,12855.54,Single,No
EMP-0771,54,Research & Development,Laboratory Technician,No,9,6943.5,Married,No
EMP-0772,48,Sales,Sales Executive,Yes,6,7581.32,Married,No
EMP-0773,35,Sales,Sales Representative,Yes,17,10562.9,Divorced,No
EMP-0774,45,Sales,Sales Executive,No,2,2864.3,Divorced,No
EMP-0775,28,Sales,Sales Representative,Yes,10,4594.65,Married,No
EMP-0776,39,Research & Development,Research Director,No,10,6311.3,Married,No
EMP-0777,27,Research & Development,Research Director,Yes,9,7460.13,Divorced,Yes
EMP-0778,39,Research & Development,Research Scientist,No,3,6169.73,Married,No
EMP-0779,26,Research & Development,Laboratory Technician,Yes,3,7556.77,Single,No
EMP-0780,32,Research & Development,Research Scientist,No,5,3636.34,Married,Yes
EMP-0781,45,Research & Development,Research Director,Yes,13,7114.69,Married,Yes
EMP-0782,26,Research & Development,Research Director,No,8,7192.12,Married,Yes
EMP-0783,26,Research & Development,Research Director,No,3,5108.5,Married,No
EMP-0784,39,Research & Development,Research Director,No,8,7018.69,Single,Yes
EMP-0785,49,Research & Development,Research Scientist,No,3,6807.61,Divorced,No
EMP-0786,38,Research & Development,Laboratory Technician,No,12,10420.21,Married,No
EMP-0787,48,Research & Development,Laboratory Technician,No,19,12743.2,Single,No
EMP-0788,40,Research & Development,Research Director,Yes,16,10238.86,Married,No
EMP-0789,33,Research & Development,Research Director,No,15,10575.88,Married,No
EMP-0790,54,Sales,Sales Representative,Yes,3,4887.59,Single,No
EMP-0791,52,Research & Development,Research Scientist,No,9,5260.19,Married,No
EMP-0792,22,Sales,Sales Executive,No,4,3811.68,Married,No
EMP-0793,44,Research & Development,Laboratory Technician,Yes,25,12134.95,Divorced,Yes
EMP-0794,32,Human Resources,Manager,No,14,8265.34,Married,No
EMP-0795,22,Research & Development,Research Scientist,No,4,2915.72,Married,No
EMP-0796,49,Sales,Sales Representative,No,5,6741.78,Married,No
EMP-0797,36,Sales,Sales Representative,No,18,8468.76,Married,No
EMP-0798,24,Research & Development,Research Director,Yes,6,8706.12,Single,No
EMP-0799,24,Sales,Sales Representative,No,6,3850.2,Married,No
EMP-0800,37,Research & Development,Laboratory Technician,Yes,9,8025.45,Married,No
EMP-0801,36,Research & Development,Laboratory Technician,No,7,7424.11,Divorced,No
EMP-0802,43,Research & Development,Research Director,Yes,5,6703.16,Divorced,No
EMP-0803,34,Research & Development,Research Scientist,Yes,11,9514.29,Married,No
EMP-0804,42,Research & Development,Research Scientist,No,16,10763.71,Married,No
EMP-0805,29,Sales,Sales Representative,Yes,8,7239.46,Married,Yes
EMP-0806,31,Research & Development,Research Scientist,No,8,7247.37,Married,No
EMP-0807,25,Research & Development,Research Scientist,No,7,9060.74,Married,No
EMP-0808,41,Research & Development,Research Director,No,5,4792.8,Single,No
EMP-0809,55,Research & Development,Research Scientist,Yes,21,10762.57,Single,No
EMP-0810,28,Research & Development,Research Director,No,10,4738.54,Married,No
EMP-0811,44,Research & Development,Research Director,No,13,6157.27,Married,No
EMP-0812,28,Research & Development,Research Scientist,No,10,5493.54,Married,No
EMP-0813,44,Sales,Sales Executive,No,15,10958.68,Married,No
EMP-0814,41,Research & Development,Research Scientist,No,10,5415.03,Married,No
EMP-0815,25,Research & Development,Research Director,Yes,7,6383.89,Married,No
EMP-0816,18,Research & Development,Laboratory Technician,Yes,0,5903.33,Married,No
EMP-0817,33,Sales,Sales Executive,No,2,4576.51,Married,No
EMP-0818,26,Research & Development,Research Scientist,No,3,6545.79,Married,No
EMP-0819,24,Sales,Sales Representative,No,4,6713.73,Married,No
EMP-0820,35,Research & Development,Research Scientist,No,17,9998.82,Single,Yes
EMP-0821,50,Research & Development,Laboratory Technician,Yes,10,7823.34,Single,No
EMP-0822,36,Research & Development,Research Scientist,No,6,6499.24,Married,No
EMP-0823,32,Research & Development,Research Director,Yes,14,10655.05,Married,No
EMP-0824,42,Research & Development,Research Scientist,No,21,12343.61,Single,No
EMP-0825,26,Research & Development,Laboratory Technician,No,8,5087.16,Married,Yes
EMP-0826,40,Research & Development,Research Scientist,No,7,6129.61,Single,No
EMP-0827,40,Research & Development,Research Director,No,6,5050.85,Single,No
EMP-0828,39,Sales,Sales Executive,No,19,9251.83,Married,No
EMP-0829,25,Human Resources,Human Resources,No,7,6868.89,Married,No
EMP-0830,44,Research & Development,Research Scientist,Yes,2,5077.07,Married,No
EMP-0831,43,Research & Development,Research Scientist,No,15,8187.92,Married,No
EMP-0832,41,Research & Development,Laboratory Technician,Yes,3,5588.2,Single,No
EMP-0833,35,Sales,Sales Representative,No,6,3807.35,Married,No
EMP-0834,26,Research & Development,Research Scientist,No,8,7918.77,Single,No
EMP-0835,19,Sales,Sales Executive,No,1,4397.05,Single,No
EMP-0836,26,Research & Development,Research Scientist,No,8,7547.89,Divorced,No
EMP-0837,44,Research & Development,Research Director,No,13,6700.07,Married,No
EMP-0838,44,Research & Development,Research Director,Yes,16,9095.36,Married,No
EMP-0839,43,Research & Development,Laboratory Technician,No,5,6213.24,Married,No
EMP-0840,40,Sales,Sales Executive,No,7,5110.86,Single,No
EMP-0841,40,Sales,Sales Representative,No,22,13153.98,Single,No
EMP-0842,46,Research & Development,Research Director,No,12,6702.16,Married,No
EMP-0843,33,Research & Development,Research Scientist,Yes,10,8523.9,Divorced,No
EMP-0844,37,Research & Development,Laboratory Technician,No,14,8137.81,Single,Yes
EMP-0845,40,Sales,Sales Representative,No,8,6803.97,Single,Yes
EMP-0846,35,Research & Development,Laboratory Technician,Yes,9,8405.09,Married,No
EMP-0847,50,Research & Development,Research Scientist,No,22,8494.68,Divorced,No
EMP-0848,39,Sales,Sales Representative,No,15,8289.59,Divorced,No
EMP-0849,32,Sales,Sales Executive,No,5,8391.29,Single,No
EMP-0850,42,Human Resources,Manager,Yes,15,10866.74,Single,Yes
EMP-0851,38,Research & Development,Research Director,No,15,10737.21,Married,No
EMP-0852,33,Sales,Sales Representative,No,6,3314.4,Single,No
EMP-0853,59,Sales,Sales Executive,No,9,6914.55,Single,No
EMP-0854,46,Sales,Sales Executive,No,24,11687.48,Divorced,Yes
EMP-0855,37,Research & Development,Laboratory Technician,No,12,9862.83,Married,No
EMP-0856,32,Sales,Sales Representative,Yes,12,8175.95,Single,No
EMP-0857,47,Sales,Sales Executive,No,15,8319.17,Single,No
EMP-0858,39,Human Resources,Human Resources,No,6,7149.25,Single,No
EMP-0859,28,Sales,Sales Executive,No,10,5874.63,Married,No
EMP-0860,29,Sales,Sales Representative,Yes,10,9713.16,Single,No
EMP-0861,39,Research & Development,Research Director,No,8,5112.06,Married,No
EMP-0862,34,Sales,Sales Representative,No,8,4067.91,Married,Yes
EMP-0863,37,Research & Development,Research Scientist,No,6,4405.39,Married,No
EMP-0864,38,Sales,Sales Executive,No,20,7968.86,Single,No
EMP-0865,38,Research & Development,Research Director,No,2,3048.61,Married,No
EMP-0866,31,Sales,Sales Executive,No,7,3602.89,Married,No
EMP-0867,28,Research & Development,Research Director,No,10,5502.0,Married,No
EMP-0868,37,Research & Development,Research Scientist,Yes,6,3968.23,Single,No
EMP-0869,26,Research & Development,Research Director,No,8,7368.6,Single,No
EMP-0870,32,Sales,Sales Executive,No,14,7898.37,Single,Yes
EMP-0871,53,Research & Development,Research Director,No,17,8372.61,Married,No
EMP-0872,18,Sales,Sales Representative,No,0,6308.31,Married,No
EMP-0873,25,Human Resources,Manager,No,3,6301.9,Married,No
EMP-0874,50,Research & Development,Laboratory Technician,No,3,3930.14,Married,No
EMP-0875,39,Sales,Sales Executive,No,16,8512.41,Divorced,No
EMP-0876,28,Sales,Sales Representative,No,7,3887.61,Married,Yes
EMP-0877,40,Research & Development,Research Scientist,Yes,14,10023.51,Divorced,No
EMP-0878,45,Research & Development,Research Scientist,No,12,5346.53,Single,No
EMP-0879,26,Research & Development,Laboratory Technician,No,2,6767.88,Single,No
EMP-0880,36,Sales,Sales Executive,No,18,11710.74,Single,No
EMP-0881,47,Research & Development,Research Director,Yes,9,6654.18,Married,No
EMP-0882,36,Research & Development,Research Director,No,5,4874.56,Married,No
EMP-0883,42,Sales,Sales Representative,No,16,10081.95,Single,Yes
EMP-0884,40,Human Resources,Human Resources,No,20,11199.96,Married,No
EMP-0885,46,Research & Development,Research Director,Yes,6,6718.02,Divorced,No
EMP-0886,41,Research & Development,Laboratory Technician,No,19,10076.59,Single,No
EMP-0887,46,Research & Development,Research Director,No,13,7558.79,Married,No
EMP-0888,45,Sales,Sales Representative,Yes,14,10744.27,Single,Yes
EMP-0889,37,Research & Development,Laboratory Technician,Yes,19,11134.53,Married,Yes
EMP-0890,39,Research & Development,Research Scientist,No,4,5601.96,Married,No
EMP-0891,54,Research & Development,Research Scientist,No,13,5963.72,Single,No
EMP-0892,35,Research & Development,Research Director,Yes,8,8331.62,Divorced,No
EMP-0893,28,Research & Development,Research Director,Yes,10,5678.83,Single,Yes
EMP-0894,35,Research & Development,Laboratory Technician,No,2,7406.6,Divorced,No
EMP-0895,25,Research & Development,Research Scientist,No,4,2648.31,Divorced,No
EMP-0896,35,Sales,Sales Representative,Yes,13,9951.75,Divorced,No
EMP-0897,43,Research & Development,Laboratory Technician,No,12,8521.96,Married,No
EMP-0898,51,Research & Development,Research Director,No,10,7190.62,Single,No
EMP-0899,34,Research & Development,Laboratory Technician,No,16,10476.94,Married,No
EMP-0900,33,Sales,Sales Executive,No,3,3379.34,Married,No
EMP-0901,48,Research & Development,Research Scientist,No,23,13405.74,Single,Yes
EMP-0902,38,Sales,Sales Executive,Yes,4,6804.96,Married,No
EMP-0903,35,Sales,Sales Representative,No,8,8926.82,Divorced,No
EMP-0904,39,Research & Development,Laboratory Technician,No,8,6800.38,Divorced,No
EMP-0905,35,Research & Development,Research Director,No,7,6833.5,Divorced,No
EMP-0906,38,Research & Development,Laboratory Technician,No,13,7039.56,Married,No
EMP-0907,32,Research & Development,Research Director,No,8,8776.37,Married,No
EMP-0908,45,Research & Development,Research Director,No,4,7000.28,Married,No
EMP-0909,29,Sales,Sales Executive,Yes,8,5116.62,Single,No
EMP-0910,36,Research & Development,Research Director,Yes,11,7052.48,Divorced,No
EMP-0911,23,Research & Development,Laboratory Technician,No,5,4706.66,Single,Yes
EMP-0912,27,Research & Development,Laboratory Technician,No,4,7670.27,Divorced,No
EMP-0913,46,Research & Development,Laboratory Technician,No,13,7649.8,Married,No
EMP-0914,40,Research & Development,Laboratory Technician,No,7,7841.35,Married,No
EMP-0915,44,Human Resources,Manager,No,13,7815.41,Married,No
EMP-0916,58,Sales,Sales Representative,No,3,7476.46,Single,No
EMP-0917,29,Sales,Sales Representative,Yes,9,7102.76,Single,No
EMP-0918,44,Research & Development,Laboratory Technician,No,26,11760.06,Married,No
EMP-0919,60,Sales,Sales Executive,Yes,15,6398.44,Married,No
EMP-0920,47,Sales,Sales Executive,No,18,12269.03,Divorced,No
EMP-0921,46,Research & Development,Laboratory Technician,Yes,23,10965.54,Single,No
EMP-0922,26,Sales,Sales Representative,No,8,9148.67,Divorced,Yes
EMP-0923,56,Research & Development,Research Director,No,5,3176.97,Married,No
EMP-0924,28,Research & Development,Research Director,No,10,8736.29,Married,Yes
EMP-0925,36,Research & Development,Research Scientist,Yes,18,11626.95,Divorced,No
EMP-0926,36,Research & Development,Research Director,No,7,7073.0,Married,No
EMP-0927,42,Research & Development,Research Director,No,20,8526.64,Divorced,No
EMP-0928,42,Human Resources,Manager,No,10,4747.12,Single,Yes
EMP-0929,36,Sales,Sales Representative,No,18,9448.18,Single,No
EMP-0930,36,Research & Development,Research Director,No,15,9289.28,Divorced,No
EMP-0931,26,Sales,Sales Executive,No,8,8116.3,Married,No
EMP-0932,25,Research & Development,Research Scientist,No,7,5756.23,Divorced,Yes
EMP-0933,29,Research & Development,Research Scientist,No,11,8184.52,Married,No
EMP-0934,24,Human Resources,Human Resources,No,6,5525.33,Divorced,No
EMP-0935,45,Sales,Sales Representative,No,11,8112.97,Divorced,No
EMP-0936,56,Research & Development,Laboratory Technician,Yes,2,6430.58,Married,No
EMP-0937,38,Sales,Sales Representative,No,10,8281.53,Married,No
EMP-0938,51,Sales,Sales Executive,No,14,6276.74,Married,No
EMP-0939,29,Research & Development,Research Scientist,No,5,4357.02,Single,No
EMP-0940,32,Research & Development,Research Director,No,14,9222.73,Married,No
EMP-0941,41,Sales,Sales Executive,Yes,20,11030.33,Married,Yes
EMP-0942,38,Research & Development,Research Director,No,3,6189.45,Married,No
EMP-0943,35,Research & Development,Research Scientist,No,13,9316.33,Single,No
EMP-0944,33,Sales,Sales Representative,No,14,7879.94,Divorced,Yes
EMP-0945,47,Sales,Sales Representative,Yes,15,8972.76,Married,Yes
EMP-0946,34,Research & Development,Research Scientist,No,16,11340.17,Divorced,No
EMP-0947,29,Sales,Sales Executive,No,11,9462.8,Single,No
EMP-0948,37,Research & Development,Laboratory Technician,Yes,19,8936.54,Married,No
EMP-0949,41,Research & Development,Research Director,No,12,8060.47,Divorced,No
EMP-0950,40,Human Resources,Manager,No,16,8133.18,Single,No
EMP-0951,31,Sales,Sales Executive,No,3,7761.48,Single,No
EMP-0952,18,Research & Development,Research Scientist,No,0,3220.34,Single,No
EMP-0953,42,Sales,Sales Executive,No,8,8138.23,Married,No
EMP-0954,43,Sales,Sales Representative,Yes,5,5606.07,Single,No
EMP-0955,32,Research & Development,Research Scientist,No,11,6876.6,Single,No
EMP-0956,23,Research & Development,Research Scientist,No,4,4612.57,Married,No
EMP-0957,46,Research & Development,Research Scientist,Yes,10,5265.36,Single,No
EMP-0958,40,Sales,Sales Executive,No,3,7649.09,Divorced,No
EMP-0959,29,Research & Development,Laboratory Technician,Yes,11,9725.18,Married,No
EMP-0960,39,Sales,Sales Executive,Yes,17,11241.88,Married,No
EMP-0961,55,Research & Development,Research Director,No,24,10732.8,Married,No
EMP-0962,26,Sales,Sales Executive,No,8,4422.52,Divorced,Yes
EMP-0963,37,Research & Development,Research Scientist,No,12,7086.25,Single,No
EMP-0964,54,Research & Development,Research Director,Yes,12,9478.52,Married,Yes
EMP-0965,32,Research & Development,Research Director,No,10,7883.74,Married,No
EMP-0966,34,Research & Development,Research Director,Yes,12,7592.59,Married,No
EMP-0967,22,Research & Development,Research Director,Yes,4,6800.0,Married,No
EMP-0968,42,Research & Development,Research Director,Yes,11,7121.79,Married,No
EMP-0969,44,Research & Development,Research Director,No,5,8026.43,Divorced,No
EMP-0970,31,Research & Development,Research Director,Yes,7,5882.26,Married,No
EMP-0971,36,Research & Development,Research Scientist,No,16,11813.9,Single,No
EMP-0972,50,Sales,Sales Representative,No,16,10324.7,Married,No
EMP-0973,47,Research & Development,Research Scientist,No,17,7631.23,Divorced,No
EMP-0974,34,Research & Development,Research Director,No,16,8161.33,Divorced,No
EMP-0975,36,Sales,Sales Representative,No,15,10963.28,Divorced,No
EMP-0976,19,Research & Development,Laboratory Technician,Yes,1,6979.65,Married,Yes
EMP-0977,25,Sales,Sales Representative,Yes,7,6781.07,Single,No
EMP-0978,27,Sales,Sales Executive,No,9,5048.01,Married,No
EMP-0979,49,Research & Development,Research Director,No,10,7927.74,Married,No
EMP-0980,53,Research & Development,Research Director,No,3,5377.16,Married,No
EMP-0981,36,Research & Development,Research Scientist,No,11,7182.01,Married,No
EMP-0982,31,Research & Development,Research Scientist,No,4,5139.07,Married,No
EMP-0983,35,Research & Development,Laboratory Technician,Yes,17,7856.1,Married,No
EMP-0984,39,Research & Development,Research Scientist,No,5,7601.22,Divorced,No
EMP-0985,30,Research & Development,Laboratory Technician,No,5,3449.06,Married,No
EMP-0986,38,Research & Development,Research Director,No,20,10106.63,Single,No
EMP-0987,35,Sales,Sales Representative,No,3,6384.34,Divorced,No
EMP-0988,39,Research & Development,Laboratory Technician,No,5,4615.26,Single,No
EMP-0989,31,Sales,Sales Representative,No,13,7760.5,Single,No
EMP-0990,30,Sales,Sales Representative,No,9,5474.02,Single,No
EMP-0991,51,Research & Development,Research Scientist,Yes,7,5999.13,Divorced,No
EMP-0992,47,Sales,Sales Executive,No,4,5367.07,Married,No
EMP-0993,24,Sales,Sales Representative,No,6,7184.72,Married,No
EMP-0994,42,Research & Development,Research Scientist,No,24,10701.78,Divorced,No
EMP-0995,35,Sales,Sales Representative,No,14,10684.89,Single,No
EMP-0996,33,Research & Development,Research Scientist,No,15,8373.19,Single,No
EMP-0997,18,Research & Development,Research Director,No,0,6621.1,Married,No
EMP-0998,44,Research & Development,Research Scientist,No,11,8898.77,Married,No
EMP-0999,37,Research & Development,Laboratory Technician,No,17,6693.64,Single,No
EMP-1000,41,Sales,Sales Executive,No,2,3705.73,Single,No
EMP-1001,39,Sales,Sales Executive,No,12,5657.83,Divorced,No
EMP-1002,37,Sales,Sales Representative,No,13,6867.22,Married,No
EMP-1003,40,Research & Development,Research Scientist,No,21,11719.75,Single,No
EMP-1004,42,Research & Development,Research Scientist,Yes,24,9677.88,Single,No
EMP-1005,41,Sales,Sales Representative,No,23,11100.82,Single,No
EMP-1006,40,Sales,Sales Representative,No,5,5902.79,Divorced,No
EMP-1007,31,Sales,Sales Executive,Yes,13,6038.76,Married,No
EMP-1008,30,Research & Development,Research Scientist,Yes,5,7200.75,Single,No
EMP-1009,37,Research & Development,Research Director,No,19,7298.37,Single,No
EMP-1010,32,Sales,Sales Representative,No,14,10308.41,Divorced,No
EMP-1011,42,Sales,Sales Executive,No,3,7294.39,Divorced,No
EMP-1012,43,Research & Development,Research Director,No,9,8104.43,Divorced,No
EMP-1013,34,Research & Development,Research Director,Yes,5,3617.29,Divorced,No
EMP-1014,31,Research & Development,Research Scientist,No,13,7991.97,Married,No
EMP-1015,40,Research & Development,Research Scientist,No,12,8188.97,Divorced,No
EMP-1016,30,Sales,Sales Representative,No,12,8359.0,Single,No
EMP-1017,38,Research & Development,Laboratory Technician,Yes,8,9370.45,Married,No
EMP-1018,39,Sales,Sales Representative,Yes,1,3295.97,Married,Yes
EMP-1019,28,Research & Development,Research Director,Yes,10,5042.94,Married,Yes
EMP-1020,44,Sales,Sales Executive,No,6,5339.82,Single,No
EMP-1021,28,Research & Development,Laboratory Technician,No,10,8508.0,Divorced,No
EMP-1022,32,Research & Development,Laboratory Technician,No,8,5180.4,Single,No
EMP-1023,22,Research & Development,Research Scientist,No,4,5975.96,Single,No
EMP-1024,51,Research & Development,Research Director,Yes,15,8484.64,Single,Yes
EMP-1025,43,Research & Development,Research Director,No,6,6568.72,Married,No
EMP-1026,18,Research & Development,Research Director,No,0,2020.36,Married,No
EMP-1027,30,Sales,Sales Executive,Yes,12,6408.28,Single,Yes
EMP-1028,21,Research & Development,Research Director,Yes,3,3073.31,Divorced,No
EMP-1029,18,Sales,Sales Representative,Yes,0,1764.61,Single,Yes
EMP-1030,35,Research & Development,Laboratory Technician,No,17,10738.6,Single,No
EMP-1031,48,Research & Development,Research Scientist,No,4,4522.89,Married,No
EMP-1032,41,Sales,Sales Executive,No,19,11539.77,Married,No
EMP-1033,21,Sales,Sales Executive,Yes,3,7507.36,Married,No
EMP-1034,48,Sales,Sales Representative,No,5,5457.04,Divorced,No
EMP-1035,34,Research & Development,Research Director,No,10,6364.48,Married,No
EMP-1036,31,Sales,Sales Executive,No,1,2860.98,Single,No
EMP-1037,48,Human Resources,Human Resources,Yes,5,3135.02,Married,No
EMP-1038,34,Sales,Sales Executive,No,5,5794.35,Single,No
EMP-1039,34,Research & Development,Research Director,Yes,4,3820.14,Married,No
EMP-1040,60,Research & Development,Research Scientist,Yes,20,8439.08,Single,No
EMP-1041,22,Research & Development,Research Scientist,No,4,3804.47,Single,Yes
EMP-1042,33,Sales,Sales Representative,No,8,3946.42,Single,No
EMP-1043,36,Research & Development,Laboratory Technician,No,16,7507.64,Married,No
EMP-1044,39,Research & Development,Research Director,No,9,8127.77,Married,No
EMP-1045,40,Research & Development,Research Director,No,13,9125.55,Single,No
EMP-1046,31,Sales,Sales Executive,No,13,5433.79,Married,No
EMP-1047,34,Research & Development,Research Scientist,No,16,9612.01,Married,No
EMP-1048,42,Research & Development,Research Director,Yes,14,9979.57,Married,No
EMP-1049,21,Research & Development,Research Director,No,3,5841.45,Married,No
EMP-1050,31,Sales,Sales Executive,No,13,7196.96,Married,No
EMP-1051,43,Research & Development,Research Director,Yes,10,7679.34,Married,No
EMP-1052,27,Research & Development,Research Director,No,6,4011.12,Single,No
EMP-1053,35,Research & Development,Laboratory Technician,No,11,8745.1,Married,No
EMP-1054,37,Research & Development,Laboratory Technician,No,6,4997.45,Single,Yes
EMP-1055,41,Research & Development,Research Director,No,3,7534.0,Single,No
EMP-1056,36,Human Resources,Manager,No,5,6982.54,Divorced,No
EMP-1057,46,Sales,Sales Representative,No,15,9065.13,Married,Yes
EMP-1058,41,Sales,Sales Executive,Yes,9,9476.25,Married,No
EMP-1059,31,Research & Development,Research Scientist,Yes,7,6697.08,Married,Yes
EMP-1060,30,Sales,Sales Representative,No,12,9257.76,Married,No
EMP-1061,44,Research & Development,Research Director,Yes,22,11248.14,Single,No
EMP-1062,40,Research & Development,Laboratory Technician,No,5,3431.34,Divorced,No
EMP-1063,34,Research & Development,Research Director,No,12,9679.78,Married,No
EMP-1064,50,Human Resources,Manager,Yes,5,4384.38,Married,No
EMP-1065,31,Sales,Sales Executive,No,7,6493.05,Married,No
EMP-1066,35,Research & Development,Research Director,Yes,2,7400.79,Married,No
EMP-1067,40,Research & Development,Research Scientist,No,18,8536.38,Married,No
EMP-1068,25,Research & Development,Research Director,No,4,5149.52,Single,No
EMP-1069,34,Research & Development,Research Director,No,10,9972.75,Married,No
EMP-1070,45,Research & Development,Laboratory Technician,Yes,4,7914.06,Married,No
EMP-1071,35,Research & Development,Research Scientist,Yes,17,7618.63,Divorced,No
EMP-1072,26,Research & Development,Research Director,No,7,4014.94,Married,Yes
EMP-1073,38,Research & Development,Research Director,No,15,8143.36,Married,No
EMP-1074,37,Human Resources,Human Resources,No,13,7134.6,Married,Yes
EMP-1075,40,Sales,Sales Executive,No,19,9666.78,Married,No
EMP-1076,35,Research & Development,Research Scientist,No,17,10258.96,Married,No
EMP-1077,40,Research & Development,Laboratory Technician,No,9,4400.93,Single,No
EMP-1078,34,Sales,Sales Executive,No,16,10056.01,Married,No
EMP-1079,36,Research & Development,Research Scientist,No,18,10564.56,Divorced,Yes
EMP-1080,37,Research & Development,Research Scientist,No,16,10234.43,Single,No
EMP-1081,21,Research & Development,Research Scientist,Yes,3,4080.37,Married,No
EMP-1082,36,Research & Development,Research Director,No,4,3103.39,Single,No
EMP-1083,39,Research & Development,Research Director,No,18,10353.77,Divorced,No
EMP-1084,32,Research & Development,Laboratory Technician,No,14,7448.7,Married,No
EMP-1085,31,Sales,Sales Representative,Yes,13,8763.3,Divorced,No
EMP-1086,38,Research & Development,Research Director,No,1,2062.55,Married,No
EMP-1087,40,Sales,Sales Representative,No,7,8783.72,Married,No
EMP-1088,44,Research & Development,Research Director,Yes,2,2936.87,Married,No
EMP-1089,35,Sales,Sales Representative,No,4,3287.18,Single,No
EMP-1090,36,Research & Development,Research Director,No,1,3957.19,Married,No
EMP-1091,36,Research & Development,Laboratory Technician,No,15,11463.91,Married,No
EMP-1092,43,Research & Development,Research Director,No,16,10586.67,Single,No
EMP-1093,53,Sales,Sales Representative,No,5,5002.21,Married,Yes
EMP-1094,28,Research & Development,Research Scientist,Yes,10,6635.11,Single,No
EMP-1095,25,Research & Development,Laboratory Technician,No,6,7657.58,Single,No
EMP-1096,27,Sales,Sales Executive,No,9,6929.94,Single,No
EMP-1097,57,Research & Development,Research Director,No,3,7450.34,Single,No
EMP-1098,24,Sales,Sales Representative,No,6,8239.75,Married,No
EMP-1099,26,Research & Development,Research Scientist,Yes,8,6457.95,Married,Yes
EMP-1100,34,Research & Development,Laboratory Technician,No,16,6820.15,Single,No
EMP-1101,33,Research & Development,Research Director,No,8,7415.03,Single,No
EMP-1102,26,Research & Development,Research Director,No,7,6865.93,Married,No
EMP-1103,29,Sales,Sales Representative,No,4,7023.78,Married,No
EMP-1104,22,Research & Development,Research Scientist,No,4,5153.61,Married,Yes
EMP-1105,34,Sales,Sales Representative,Yes,9,4747.6,Single,Yes
EMP-1106,21,Research & Development,Laboratory Technician,No,3,2833.37,Married,No
EMP-1107,33,Research & Development,Research Director,No,12,8684.47,Married,No
EMP-1108,29,Research & Development,Research Scientist,No,4,3835.72,Married,No
EMP-1109,50,Research & Development,Research Director,No,11,5575.21,Married,No
EMP-1110,37,Research & Development,Laboratory Technician,No,5,4844.2,Divorced,No
EMP-1111,36,Research & Development,Research Director,No,8,6614.43,Single,No
EMP-1112,39,Research & Development,Laboratory Technician,No,20,9460.8,Divorced,No
EMP-1113,32,Sales,Sales Executive,No,14,8836.92,Single,No
EMP-1114,27,Sales,Sales Representative,No,4,5835.1,Single,Yes
EMP-1115,38,Sales,Sales Executive,No,10,7342.33,Married,No
EMP-1116,47,Sales,Sales Representative,No,15,7906.65,Married,No
EMP-1117,40,Research & Development,Laboratory Technician,No,22,12552.5,Single,No
EMP-1118,46,Research & Development,Research Director,No,14,6299.9,Divorced,No
EMP-1119,31,Research & Development,Laboratory Technician,Yes,3,3512.43,Single,Yes
EMP-1120,54,Human Resources,Manager,No,13,7676.84,Married,No
EMP-1121,38,Research & Development,Laboratory Technician,No,6,4898.0,Single,No
EMP-1122,47,Sales,Sales Representative,Yes,25,14488.14,Married,No
EMP-1123,38,Sales,Sales Executive,No,7,7538.71,Married,No
EMP-1124,31,Sales,Sales Representative,No,13,8983.91,Married,No
EMP-1125,36,Sales,Sales Executive,No,16,11384.64,Single,No
EMP-1126,26,Research & Development,Laboratory Technician,No,8,4681.58,Married,No
EMP-1127,44,Research & Development,Laboratory Technician,No,18,9637.82,Divorced,No
EMP-1128,18,Sales,Sales Executive,No,0,3519.05,Single,No
EMP-1129,31,Research & Development,Research Director,No,13,10515.85,Divorced,No
EMP-1130,38,Research & Development,Laboratory Technician,No,12,8772.04,Single,No
EMP-1131,35,Sales,Sales Representative,No,16,7382.49,Divorced,No
EMP-1132,55,Research & Development,Laboratory Technician,Yes,4,6736.01,Married,No
EMP-1133,32,Research & Development,Laboratory Technician,Yes,6,6746.28,Married,No
EMP-1134,52,Sales,Sales Representative,No,2,5362.69,Married,No
EMP-1135,34,Research & Development,Laboratory Technician,No,5,5189.27,Married,No
EMP-1136,24,Research & Development,Research Scientist,Yes,1,6854.37,Married,No
EMP-1137,34,Sales,Sales Executive,Yes,16,8796.57,Single,No
EMP-1138,29,Research & Development,Research Director,No,11,7526.65,Single,No
EMP-1139,42,Sales,Sales Executive,Yes,13,7566.84,Single,No
EMP-1140,32,Research & Development,Laboratory Technician,No,14,6895.83,Married,No
EMP-1141,43,Sales,Sales Executive,Yes,5,6069.0,Single,No
EMP-1142,47,Sales,Sales Executive,No,8,6866.82,Married,No
EMP-1143,36,Research & Development,Research Director,No,10,7705.48,Married,No
EMP-1144,28,Sales,Sales Representative,Yes,5,5163.75,Divorced,No
EMP-1145,31,Human Resources,Manager,Yes,9,7374.6,Single,No
EMP-1146,48,Sales,Sales Representative,No,10,8066.53,Married,No
EMP-1147,44,Sales,Sales Executive,No,10,6829.97,Married,Yes
EMP-1148,44,Human Resources,Human Resources,No,19,7411.76,Single,No
EMP-1149,30,Research & Development,Research Scientist,No,7,4600.94,Married,No
EMP-1150,30,Research & Development,Research Director,Yes,12,7926.53,Married,No
EMP-1151,26,Research & Development,Laboratory Technician,No,8,5167.47,Married,No
EMP-1152,42,Sales,Sales Representative,No,24,11168.57,Single,No
EMP-1153,18,Sales,Sales Executive,No,0,3652.68,Single,No
EMP-1154,52,Research & Development,Research Director,No,26,12959.16,Married,No
EMP-1155,31,Sales,Sales Representative,No,13,6425.59,Married,Yes
EMP-1156,34,Sales,Sales Representative,No,16,10137.74,Divorced,No
EMP-1157,38,Sales,Sales Executive,Yes,20,8955.94,Single,No
EMP-1158,36,Human Resources,Human Resources,Yes,18,11018.05,Single,No
EMP-1159,49,Research & Development,Research Scientist,Yes,20,12216.88,Married,No
EMP-1160,18,Research & Development,Research Scientist,No,0,6419.23,Married,No
EMP-1161,23,Sales,Sales Representative,No,5,7602.84,Divorced,Yes
EMP-1162,28,Research & Development,Research Director,Yes,10,5326.08,Single,Yes
EMP-1163,33,Research & Development,Research Scientist,No,15,10251.05,Married,No
EMP-1164,32,Research & Development,Research Scientist,No,14,10814.21,Married,No
EMP-1165,32,Sales,Sales Representative,Yes,14,7997.96,Married,No
EMP-1166,48,Research & Development,Laboratory Technician,Yes,13,5685.35,Married,No
EMP-1167,39,Research & Development,Laboratory Technician,No,6,8492.54,Single,No
EMP-1168,29,Research & Development,Research Scientist,No,0,3840.78,Married,No
EMP-1169,36,Research & Development,Research Director,No,5,5813.41,Single,No
EMP-1170,39,Sales,Sales Executive,No,21,13092.53,Married,Yes
EMP-1171,33,Research & Development,Laboratory Technician,No,3,3628.04,Divorced,No
EMP-1172,31,Sales,Sales Representative,No,13,7768.65,Divorced,No
EMP-1173,36,Research & Development,Research Director,No,5,5671.58,Divorced,No
EMP-1174,31,Research & Development,Laboratory Technician,No,10,9571.47,Married,No
EMP-1175,34,Research & Development,Research Director,No,15,8185.33,Married,No
EMP-1176,32,Research & Development,Laboratory Technician,No,10,8891.33,Married,No
EMP-1177,37,Sales,Sales Executive,Yes,7,8221.96,Divorced,No
EMP-1178,36,Research & Development,Research Scientist,No,18,10989.01,Single,No
EMP-1179,41,Sales,Sales Representative,No,5,7499.35,Divorced,Yes
EMP-1180,29,Research & Development,Research Scientist,No,11,8111.24,Married,No
EMP-1181,43,Human Resources,Human Resources,No,25,11939.7,Married,No
EMP-1182,27,Human Resources,Human Resources,No,9,5629.97,Single,No
EMP-1183,32,Research & Development,Research Director,No,11,5673.59,Married,No
EMP-1184,18,Sales,Sales Representative,No,0,4728.16,Divorced,No
EMP-1185,37,Research & Development,Research Scientist,No,17,11303.09,Married,No
EMP-1186,29,Sales,Sales Representative,No,11,5649.5,Single,No
EMP-1187,40,Research & Development,Laboratory Technician,Yes,18,12203.02,Married,No
EMP-1188,39,Sales,Sales Executive,No,7,6277.36,Married,No
EMP-1189,33,Sales,Sales Executive,Yes,15,11213.75,Married,No
EMP-1190,21,Research & Development,Laboratory Technician,No,3,6113.68,Single,No
EMP-1191,43,Research & Development,Laboratory Technician,No,25,11098.62,Married,No
EMP-1192,34,Research & Development,Research Scientist,Yes,11,7253.55,Married,Yes
EMP-1193,27,Research & Development,Research Scientist,Yes,9,6832.32,Single,No
EMP-1194,25,Research & Development,Laboratory Technician,Yes,7,7421.05,Single,Yes
EMP-1195,28,Research & Development,Research Director,No,6,8191.95,Married,Yes
EMP-1196,50,Sales,Sales Representative,No,4,3473.51,Single,No
EMP-1197,38,Research & Development,Research Scientist,No,10,9118.41,Divorced,No
EMP-1198,42,Research & Development,Research Scientist,No,2,5502.19,Single,Yes
EMP-1199,37,Research & Development,Research Scientist,Yes,19,7950.4,Married,No
EMP-1200,37,Sales,Sales Executive,Yes,19,11652.94,Single,No
EMP-1201,45,Research & Development,Laboratory Technician,Yes,3,7171.51,Divorced,No
EMP-1202,49,Research & Development,Research Scientist,No,3,2557.54,Single,No
EMP-1203,25,Research & Development,Research Scientist,No,7,8963.34,Divorced,No
EMP-1204,21,Human Resources,Human Resources,No,3,3752.77,Single,No
EMP-1205,38,Research & Development,Laboratory Technician,Yes,6,4319.0,Single,No
EMP-1206,44,Sales,Sales Executive,Yes,20,9703.12,Single,No
EMP-1207,39,Research & Development,Research Scientist,No,20,10208.71,Single,No
EMP-1208,43,Research & Development,Research Director,No,12,8143.15,Married,No
EMP-1209,31,Research & Development,Research Director,Yes,13,10350.1,Married,No
EMP-1210,35,Research & Development,Laboratory Technician,Yes,2,4630.29,Divorced,No
EMP-1211,49,Sales,Sales Executive,No,10,5112.43,Married,No
EMP-1212,32,Research & Development,Research Director,No,10,9275.22,Married,No
EMP-1213,31,Sales,Sales Representative,No,6,3533.57,Married,No
EMP-1214,29,Research & Development,Research Director,No,11,5694.42,Divorced,No
EMP-1215,46,Research & Development,Laboratory Technician,No,6,8353.22,Single,No
EMP-1216,29,Research & Development,Research Director,No,11,10051.32,Single,Yes
EMP-1217,32,Human Resources,Human Resources,No,14,8400.14,Married,No
EMP-1218,34,Research & Development,Research Scientist,No,4,5932.02,Married,No
EMP-1219,41,Research & Development,Research Scientist,No,18,10275.48,Single,No
EMP-1220,32,Research & Development,Research Director,Yes,14,11176.25,Married,Yes
EMP-1221,46,Research & Development,Research Director,No,20,8530.77,Divorced,No
EMP-1222,42,Research & Development,Research Scientist,No,9,6845.69,Married,No
EMP-1223,38,Sales,Sales Executive,No,9,4986.91,Single,No
EMP-1224,19,Research & Development,Research Scientist,No,1,5326.99,Married,No
EMP-1225,24,Research & Development,Research Director,No,6,3417.63,Single,No
EMP-1226,39,Research & Development,Research Scientist,Yes,21,8465.68,Single,No
EMP-1227,33,Research & Development,Research Scientist,Yes,13,5510.87,Single,No
EMP-1228,33,Research & Development,Laboratory Technician,Yes,11,6845.66,Married,No
EMP-1229,45,Sales,Sales Executive,No,7,3637.3,Married,No
EMP-1230,29,Sales,Sales Executive,No,4,4028.0,Divorced,No
EMP-1231,52,Research & Development,Laboratory Technician,No,16,10973.64,Single,No
EMP-1232,23,Research & Development,Laboratory Technician,No,5,7789.8,Divorced,No
EMP-1233,36,Sales,Sales Representative,No,5,7933.87,Married,No
EMP-1234,38,Sales,Sales Executive,No,15,9895.2,Single,No
EMP-1235,45,Research & Development,Research Scientist,Yes,1,4172.16,Married,No
EMP-1236,37,Research & Development,Laboratory Technician,No,5,4591.53,Married,No
EMP-1237,36,Sales,Sales Executive,No,18,10295.71,Divorced,No
EMP-1238,28,Sales,Sales Representative,Yes,10,7573.32,Divorced,Yes
EMP-1239,35,Research & Development,Research Director,No,13,8515.27,Married,Yes
EMP-1240,40,Research & Development,Research Director,Yes,6,3528.61,Married,No
EMP-1241,29,Sales,Sales Executive,No,1,2059.21,Married,No
EMP-1242,40,Research & Development,Research Scientist,No,13,8265.87,Divorced,No
EMP-1243,41,Sales,Sales Representative,No,21,12214.32,Divorced,No
EMP-1244,27,Sales,Sales Representative,Yes,8,6248.48,Married,No
EMP-1245,39,Research & Development,Research Scientist,No,6,8144.91,Married,No
EMP-1246,33,Research & Development,Laboratory Technician,No,15,8182.6,Married,No
EMP-1247,28,Human Resources,Human Resources,Yes,6,5253.8,Single,No
EMP-1248,51,Sales,Sales Executive,No,6,7224.83,Married,No
EMP-1249,35,Research & Development,Research Scientist,No,17,8456.33,Single,No
EMP-1250,34,Human Resources,Manager,Yes,16,6741.85,Divorced,No
EMP-1251,31,Research & Development,Laboratory Technician,No,13,8944.3,Single,No
EMP-1252,34,Sales,Sales Representative,No,7,7089.79,Single,No
EMP-1253,33,Sales,Sales Representative,Yes,15,7572.05,Divorced,No
EMP-1254,38,Research & Development,Research Scientist,No,16,9182.22,Married,No
EMP-1255,42,Research & Development,Research Director,No,7,5885.29,Divorced,No
EMP-1256,32,Sales,Sales Representative,No,4,7989.89,Divorced,No
EMP-1257,27,Research & Development,Research Director,Yes,9,8016.12,Married,No
EMP-1258,34,Research & Development,Laboratory Technician,No,8,5870.89,Divorced,No
EMP-1259,33,Sales,Sales Representative,No,13,8697.36,Married,No
EMP-1260,35,Research & Development,Laboratory Technician,Yes,10,4814.89,Married,No
EMP-1261,33,Research & Development,Research Scientist,Yes,6,5562.32,Single,No
EMP-1262,32,Research & Development,Research Scientist,Yes,2,7265.11,Married,No
EMP-1263,44,Sales,Sales Representative,No,6,8599.77,Married,Yes
EMP-1264,41,Research & Development,Research Scientist,No,23,9221.26,Single,No
EMP-1265,38,Research & Development,Laboratory Technician,No,2,2122.07,Divorced,No
EMP-1266,35,Sales,Sales Executive,No,4,5482.06,Married,No
EMP-1267,36,Research & Development,Laboratory Technician,Yes,7,6227.23,Single,Yes
EMP-1268,31,Sales,Sales Representative,Yes,13,5605.32,Divorced,No
EMP-1269,47,Sales,Sales Executive,Yes,11,8519.96,Married,No
EMP-1270,45,Research & Development,Research Scientist,Yes,23,10162.93,Married,Yes
EMP-1271,30,Sales,Sales Representative,Yes,12,7926.34,Married,No
EMP-1272,42,Sales,Sales Executive,No,6,8288.79,Divorced,No
EMP-1273,40,Research & Development,Laboratory Technician,No,7,7371.66,Single,No
EMP-1274,40,Research & Development,Laboratory Technician,No,19,9187.91,Married,No
EMP-1275,30,Research & Development,Research Director,No,3,4166.79,Married,No
EMP-1276,24,Research & Development,Research Scientist,Yes,4,3962.22,Married,No
EMP-1277,26,Sales,Sales Executive,No,8,4791.63,Single,No
EMP-1278,37,Sales,Sales Representative,No,4,7278.93,Married,No
EMP-1279,55,Sales,Sales Executive,Yes,18,10365.51,Married,Yes
EMP-1280,26,Research & Development,Research Director,Yes,8,7380.45,Married,No
EMP-1281,33,Research & Development,Research Scientist,No,6,3316.31,Divorced,No
EMP-1282,36,Sales,Sales Executive,Yes,12,7147.43,Married,No
EMP-1283,42,Sales,Sales Representative,No,16,9972.88,Divorced,No
EMP-1284,46,Sales,Sales Representative,No,4,5167.57,Divorced,No
EMP-1285,32,Research & Development,Research Director,No,14,8565.34,Married,No
EMP-1286,42,Research & Development,Laboratory Technician,Yes,3,3479.67,Divorced,No
EMP-1287,26,Research & Development,Research Director,No,8,4840.28,Married,No
EMP-1288,30,Research & Development,Laboratory Technician,No,12,6304.71,Divorced,Yes
EMP-1289,28,Research & Development,Research Director,No,10,8656.89,Married,No
EMP-1290,45,Research & Development,Laboratory Technician,Yes,14,6422.97,Divorced,No
EMP-1291,42,Research & Development,Research Scientist,Yes,22,11729.62,Single,No
EMP-1292,51,Research & Development,Laboratory Technician,No,7,5069.13,Divorced,No
EMP-1293,33,Sales,Sales Executive,No,11,6665.5,Divorced,No
EMP-1294,30,Sales,Sales Representative,No,12,9907.63,Single,No
EMP-1295,38,Research & Development,Laboratory Technician,No,10,9532.98,Married,No
EMP-1296,24,Research & Development,Laboratory Technician,No,6,6383.06,Single,No
EMP-1297,31,Research & Development,Research Director,No,13,5752.11,Single,No
EMP-1298,48,Research & Development,Research Scientist,No,20,11720.63,Married,No
EMP-1299,22,Human Resources,Manager,No,4,6795.98,Single,No
EMP-1300,44,Research & Development,Research Director,No,5,5019.35,Married,No
EMP-1301,32,Research & Development,Research Director,No,10,7938.01,Married,No
EMP-1302,31,Sales,Sales Representative,No,13,10292.32,Married,No
EMP-1303,46,Research & Development,Research Director,No,10,9222.37,Married,No
EMP-1304,28,Research & Development,Research Scientist,No,10,8685.48,Married,No
EMP-1305,39,Sales,Sales Representative,No,8,8260.81,Single,No
EMP-1306,50,Research & Development,Laboratory Technician,No,10,9368.09,Single,No
EMP-1307,33,Human Resources,Manager,No,15,8862.03,Single,No
EMP-1308,35,Research & Development,Research Scientist,No,17,10138.13,Divorced,No
EMP-1309,37,Research & Development,Research Director,No,19,11276.19,Single,No
EMP-1310,34,Research & Development,Research Director,No,15,7078.76,Single,Yes
EMP-1311,27,Human Resources,Human Resources,No,3,2599.92,Single,No
EMP-1312,31,Sales,Sales Representative,No,2,3522.05,Single,No
EMP-1313,33,Human Resources,Human Resources,No,5,7258.2,Divorced,No
EMP-1314,41,Research & Development,Laboratory Technician,No,6,5666.97,Married,Yes
EMP-1315,31,Research & Development,Laboratory Technician,No,3,4549.88,Married,No
EMP-1316,32,Research & Development,Research Director,No,3,4447.25,Married,No
EMP-1317,29,Research & Development,Research Director,No,11,4908.18,Single,No
EMP-1318,27,Research & Development,Research Director,No,4,5671.06,Married,No
EMP-1319,31,Sales,Sales Executive,No,8,7336.61,Single,No
EMP-1320,41,Research & Development,Research Director,No,10,7864.75,Single,No
EMP-1321,52,Research & Development,Research Director,No,3,6891.17,Single,No
EMP-1322,43,Sales,Sales Executive,No,25,11514.34,Divorced,No
EMP-1323,43,Human Resources,Manager,Yes,16,8761.26,Married,No
EMP-1324,44,Sales,Sales Representative,No,23,13313.62,Divorced,No
EMP-1325,34,Research & Development,Research Scientist,No,10,9950.31,Married,No
EMP-1326,32,Sales,Sales Executive,Yes,6,5725.78,Married,Yes
EMP-1327,33,Research & Development,Research Director,No,10,7262.58,Married,No
EMP-1328,60,Research & Development,Laboratory Technician,Yes,14,8422.42,Married,No
EMP-1329,22,Sales,Sales Representative,Yes,2,4122.77,Married,No
EMP-1330,40,Sales,Sales Executive,Yes,22,9674.59,Single,No
EMP-1331,18,Research & Development,Research Director,No,0,3073.2,Divorced,Yes
EMP-1332,36,Sales,Sales Executive,Yes,5,5811.05,Divorced,No
EMP-1333,36,Research & Development,Research Director,No,13,7363.18,Married,No
EMP-1334,43,Research & Development,Laboratory Technician,Yes,6,3728.44,Married,Yes
EMP-1335,39,Research & Development,Research Director,Yes,21,9898.29,Married,Yes
EMP-1336,43,Research & Development,Laboratory Technician,Yes,10,4618.19,Divorced,No
EMP-1337,32,Research & Development,Research Scientist,No,14,6193.23,Married,No
EMP-1338,38,Research & Development,Research Director,No,2,4335.92,Single,No
EMP-1339,51,Sales,Sales Representative,No,17,8232.21,Divorced,No
EMP-1340,30,Research & Development,Research Scientist,Yes,12,5490.75,Married,No
EMP-1341,44,Research & Development,Research Scientist,No,9,8015.13,Married,No
EMP-1342,45,Research & Development,Research Director,Yes,4,8074.97,Divorced,No
EMP-1343,45,Sales,Sales Representative,No,8,9053.52,Single,No
EMP-1344,38,Sales,Sales Representative,No,16,9430.42,Married,Yes
EMP-1345,37,Research & Development,Research Scientist,No,13,9730.31,Married,No
EMP-1346,43,Research & Development,Research Director,No,5,6415.04,Married,No
EMP-1347,36,Research & Development,Research Director,No,10,5736.92,Married,No
EMP-1348,55,Sales,Sales Executive,No,17,6799.41,Divorced,No
EMP-1349,43,Research & Development,Research Director,No,11,5394.47,Married,No
EMP-1350,43,Sales,Sales Representative,Yes,1,6380.54,Married,No
EMP-1351,29,Sales,Sales Executive,No,7,7188.55,Married,No
EMP-1352,29,Sales,Sales Representative,Yes,11,7066.59,Single,No
EMP-1353,33,Sales,Sales Executive,No,4,6006.27,Single,No
EMP-1354,40,Research & Development,Research Scientist,Yes,10,9516.93,Single,No
EMP-1355,35,Research & Development,Laboratory Technician,No,2,5002.69,Married,No
EMP-1356,57,Research & Development,Research Director,Yes,6,3613.81,Divorced,No
EMP-1357,35,Research & Development,Research Director,No,10,5620.74,Married,No
EMP-1358,43,Research & Development,Research Scientist,Yes,15,8510.47,Single,No
EMP-1359,39,Research & Development,Laboratory Technician,Yes,11,9280.21,Single,No
EMP-1360,30,Human Resources,Manager,No,7,5428.93,Divorced,No
EMP-1361,34,Research & Development,Laboratory Technician,No,16,9967.04,Single,No
EMP-1362,18,Sales,Sales Executive,No,0,4250.41,Single,Yes
EMP-1363,33,Research & Development,Research Scientist,No,15,7350.45,Married,No
EMP-1364,41,Research & Development,Research Scientist,No,21,8163.97,Married,No
EMP-1365,41,Research & Development,Laboratory Technician,No,5,4579.51,Single,No
EMP-1366,34,Research & Development,Research Scientist,No,13,6789.16,Single,Yes
EMP-1367,35,Research & Development,Research Director,No,5,4271.7,Married,No
EMP-1368,46,Research & Development,Research Director,No,22,10914.54,Divorced,No
EMP-1369,35,Research & Development,Research Scientist,No,13,10510.16,Married,No
EMP-1370,32,Research & Development,Research Scientist,Yes,8,7649.87,Married,No
EMP-1371,27,Sales,Sales Representative,No,9,6563.22,Divorced,No
EMP-1372,41,Research & Development,Research Scientist,No,14,6016.06,Divorced,No
EMP-1373,19,Research & Development,Research Director,No,1,4796.97,Married,Yes
EMP-1374,31,Sales,Sales Representative,Yes,10,8562.29,Married,No
EMP-1375,42,Research & Development,Laboratory Technician,No,12,7450.51,Married,No
EMP-1376,32,Research & Development,Laboratory Technician,No,12,5936.49,Single,Yes
EMP-1377,49,Research & Development,Research Director,No,22,13659.68,Married,No
EMP-1378,42,Research & Development,Research Scientist,Yes,21,8781.44,Married,No
EMP-1379,35,Research & Development,Laboratory Technician,No,17,10572.56,Divorced,No
EMP-1380,34,Research & Development,Research Scientist,Yes,12,8479.01,Married,Yes
EMP-1381,23,Research & Development,Research Scientist,Yes,5,7906.89,Divorced,No
EMP-1382,27,Research & Development,Research Scientist,Yes,3,2850.34,Divorced,No
EMP-1383,30,Research & Development,Research Director,Yes,1,2150.2,Married,Yes
EMP-1384,43,Research & Development,Research Scientist,No,24,14091.74,Married,No
EMP-1385,33,Sales,Sales Representative,No,15,7367.56,Single,No
EMP-1386,37,Research & Development,Research Director,No,15,7373.83,Married,No
EMP-1387,38,Sales,Sales Representative,Yes,7,8792.7,Divorced,No
EMP-1388,36,Research & Development,Research Scientist,No,18,7230.84,Married,No
EMP-1389,31,Research & Development,Research Director,No,13,10634.86,Married,No
EMP-1390,35,Research & Development,Research Director,No,17,10769.85,Single,No
EMP-1391,31,Research & Development,Research Director,No,5,7517.55,Single,No
EMP-1392,29,Research & Development,Research Scientist,No,11,7698.55,Married,No
EMP-1393,39,Research & Development,Research Director,No,21,8164.77,Married,No
EMP-1394,30,Sales,Sales Executive,Yes,6,7907.02,Married,No
EMP-1395,34,Research & Development,Research Director,No,9,5495.97,Single,No
EMP-1396,26,Research & Development,Research Scientist,Yes,3,2882.38,Divorced,No
EMP-1397,38,Research & Development,Research Director,No,20,12253.46,Married,No
EMP-1398,25,Research & Development,Research Scientist,No,7,3867.1,Divorced,No
EMP-1399,47,Research & Development,Research Director,Yes,8,7715.04,Single,Yes
EMP-1400,58,Research & Development,Research Director,No,14,6854.06,Married,No
EMP-1401,45,Research & Development,Laboratory Technician,Yes,8,6126.09,Divorced,No
EMP-1402,43,Sales,Sales Representative,No,14,7695.59,Divorced,No
EMP-1403,36,Research & Development,Research Director,No,6,4102.29,Married,No
EMP-1404,48,Sales,Sales Executive,No,16,6663.92,Married,No
EMP-1405,24,Sales,Sales Representative,Yes,6,6070.24,Married,No
EMP-1406,37,Research & Development,Laboratory Technician,No,8,6257.31,Divorced,No
EMP-1407,45,Research & Development,Research Scientist,No,12,7659.25,Married,No
EMP-1408,21,Sales,Sales Representative,Yes,3,7355.47,Married,No
EMP-1409,27,Sales,Sales Representative,No,6,7320.57,Married,No
EMP-1410,37,Research & Development,Research Scientist,No,5,5384.71,Single,Yes
EMP-1411,31,Research & Development,Laboratory Technician,No,3,4493.72,Divorced,No
EMP-1412,35,Research & Development,Research Director,Yes,5,6563.67,Married,Yes
EMP-1413,41,Research & Development,Research Director,Yes,8,8082.05,Single,Yes
EMP-1414,26,Sales,Sales Executive,No,8,4374.85,Single,No
EMP-1415,42,Research & Development,Research Scientist,No,10,6089.37,Divorced,No
EMP-1416,44,Sales,Sales Executive,No,1,4805.44,Married,No
EMP-1417,20,Sales,Sales Executive,No,2,2142.31,Single,No
EMP-1418,48,Research & Development,Laboratory Technician,Yes,3,7825.52,Married,No
EMP-1419,31,Research & Development,Research Director,No,13,9004.16,Single,No
EMP-1420,20,Research & Development,Research Director,No,2,2561.01,Married,No
EMP-1421,39,Research & Development,Research Scientist,No,6,8700.25,Married,No
EMP-1422,40,Research & Development,Research Director,Yes,15,11019.83,Single,Yes
EMP-1423,23,Research & Development,Research Director,Yes,5,3902.58,Married,No
EMP-1424,29,Research & Development,Research Director,Yes,11,8594.09,Married,No
EMP-1425,35,Research & Development,Research Director,No,3,7342.51,Married,No
EMP-1426,25,Research & Development,Research Director,No,7,8675.07,Married,No
EMP-1427,36,Sales,Sales Representative,No,7,4139.81,Married,No
EMP-1428,43,Research & Development,Research Scientist,No,22,9817.81,Single,No
EMP-1429,45,Research & Development,Research Director,No,2,6372.6,Single,Yes
EMP-1430,45,Human Resources,Human Resources,No,3,7825.43,Divorced,No
EMP-1431,30,Research & Development,Research Director,Yes,3,5114.95,Single,No
EMP-1432,28,Sales,Sales Executive,Yes,10,5021.29,Married,No
EMP-1433,33,Research & Development,Research Scientist,Yes,15,8045.7,Single,No
EMP-1434,25,Research & Development,Research Director,No,7,8754.27,Single,No
EMP-1435,41,Sales,Sales Executive,Yes,10,7063.13,Single,No
EMP-1436,33,Research & Development,Laboratory Technician,No,9,8702.59,Single,No
EMP-1437,35,Research & Development,Research Director,Yes,11,6448.48,Divorced,No
EMP-1438,35,Research & Development,Laboratory Technician,No,5,6788.82,Married,No
EMP-1439,24,Research & Development,Laboratory Technician,No,6,6288.51,Married,No
EMP-1440,52,Sales,Sales Representative,No,17,11032.39,Divorced,No
EMP-1441,28,Sales,Sales Executive,No,10,8349.34,Married,No
EMP-1442,49,Research & Development,Laboratory Technician,No,23,11060.49,Divorced,No
EMP-1443,19,Research & Development,Research Scientist,No,1,6616.52,Divorced,No
EMP-1444,35,Research & Development,Laboratory Technician,Yes,15,8984.09,Married,No
EMP-1445,32,Research & Development,Research Director,No,14,7435.52,Married,No
EMP-1446,21,Research & Development,Research Scientist,No,3,6579.54,Divorced,No
EMP-1447,40,Research & Development,Research Director,No,15,6665.53,Single,Yes
EMP-1448,39,Sales,Sales Representative,Yes,6,4838.02,Married,Yes
EMP-1449,22,Sales,Sales Executive,No,4,4081.81,Divorced,No
EMP-1450,23,Research & Development,Laboratory Technician,No,5,3250.53,Divorced,No
EMP-1451,34,Sales,Sales Representative,No,7,7133.57,Married,No
EMP-1452,35,Research & Development,Research Scientist,No,17,10278.06,Single,No
EMP-1453,41,Sales,Sales Executive,Yes,2,4321.75,Married,No
EMP-1454,24,Sales,Sales Representative,No,3,5727.56,Single,No
EMP-1455,35,Research & Development,Research Scientist,No,4,6873.52,Divorced,No
EMP-1456,31,Research & Development,Research Director,No,11,8326.42,Married,Yes
EMP-1457,30,Research & Development,Research Director,No,7,7957.17,Married,No
EMP-1458,28,Research & Development,Research Scientist,No,7,8627.26,Married,No
EMP-1459,38,Research & Development,Research Scientist,No,9,6014.19,Married,No
EMP-1460,45,Sales,Sales Executive,Yes,12,9088.57,Single,No
EMP-1461,31,Sales,Sales Executive,No,12,7517.95,Divorced,No
EMP-1462,29,Sales,Sales Executive,Yes,2,6316.88,Married,No
EMP-1463,47,Research & Development,Laboratory Technician,No,15,9349.2,Divorced,No
EMP-1464,49,Research & Development,Research Director,Yes,15,7502.02,Married,No
EMP-1465,36,Sales,Sales Representative,No,8,4725.2,Single,No
EMP-1466,39,Research & Development,Laboratory Technician,Yes,9,5054.24,Divorced,No
EMP-1467,36,Sales,Sales Executive,No,10,5940.42,Divorced,No
EMP-1468,29,Research & Development,Research Director,Yes,6,4734.25,Single,Yes
EMP-1469,38,Research & Development,Research Director,Yes,6,3793.78,Single,No
EMP-1470,36,Sales,Sales Representative,Yes,7,7716.02,Divorced,No
